BagPath 	Slot 	NodeSlot 	MRUPosition 	AbsolutePath 	ShellType 	Value 	ChildBags 	CreatedOn 	ModifiedOn 	AccessedOn 	LastWriteTime 	MFTEntry 	MFTSequenceNumber 	ExtensionBlockCount	FirstExplored	LastExplored	Miscellaneous
BagMRU 	0 	0 	2 	Desktop\Control Panel 	Root folder: GUID 	Control Panel 	8 	 	 	 	10/23/2013 4:09:17 AM +01:00 	 		0			
BagMRU 	1 	0 	0 	Desktop\My Computer 	Root folder: GUID 	My Computer 	17 	 	 	 	10/23/2013 4:09:17 AM +01:00 	 		0		10/23/2013 4:09:17 AM +01:00	
BagMRU 	2 	0 	9 	Desktop\User Libraries 	Root folder: GUID 	User Libraries 	8 	 	 	 	10/23/2013 4:09:17 AM +01:00 	 		0			
BagMRU 	3 	0 	5 	Desktop\Computers and Devices 	Root folder: GUID 	Computers and Devices 	4 	 	 	 	10/23/2013 4:09:17 AM +01:00 	 		0			
BagMRU 	4 	0 	7 	Desktop\Shared Documents Folder (Users Files) 	Root folder: GUID 	Shared Documents Folder (Users Files) 	7 	 	 	 	10/23/2013 4:09:17 AM +01:00 	 		0			
BagMRU 	5 	0 	10 	Desktop\Recent Places 	Root folder: GUID 	Recent Places 	0 	 	 	 	10/23/2013 4:09:17 AM +01:00 	 		0	9/23/2013 8:22:18 PM +01:00		
BagMRU 	6 	0 	8 	Desktop\Common Places 	Root folder: GUID 	Common Places 	0 	 	 	 	10/23/2013 4:09:17 AM +01:00 	 		0	9/23/2013 8:22:18 PM +01:00		
BagMRU 	7 	0 	4 	Desktop\Web sites 	Root folder: GUID 	Web sites 	3 	 	 	 	10/23/2013 4:09:17 AM +01:00 	 		0			
BagMRU 	8 	0 	13 	Desktop\My Network Places 	Root folder: GUID 	My Network Places 	2 	 	 	 	10/23/2013 4:09:17 AM +01:00 	 		0			
BagMRU 	9 	0 	6 	Desktop\Other Users Folder 	Root folder: GUID 	Other Users Folder 	6 	 	 	 	10/23/2013 4:09:17 AM +01:00 	 		0			
BagMRU 	10 	0 	3 	Desktop\OneDrive 	Root folder: GUID 	OneDrive 	3 	 	 	 	10/23/2013 4:09:17 AM +01:00 	 		1			
BagMRU 	11 	0 	11 	Desktop\Search Folder 	Users property view 	Search Folder 	0 	 	 	 	10/23/2013 4:09:17 AM +01:00 	 		5	10/19/2013 8:48:06 PM +01:00		
BagMRU 	12 	0 	12 	Desktop\Search Folder 	Users property view 	Search Folder 	0 	 	 	 	10/23/2013 4:09:17 AM +01:00 	 		1	10/19/2013 9:07:39 PM +01:00		
BagMRU 	13 	0 	1 	Desktop\Recycle bin 	Root folder: GUID 	Recycle bin 	5 	 	 	 	10/23/2013 4:09:17 AM +01:00 	 		0			
BagMRU\0 	0 	24 	1 	Desktop\Control Panel\System and Security 	Control Panel Category 	System and Security 	6 	 	 	 	10/22/2013 5:52:25 PM +01:00 	 		0			
BagMRU\0 	1 	37 	0 	Desktop\Control Panel\Programs 	Control Panel Category 	Programs 	2 	 	 	 	10/22/2013 5:52:25 PM +01:00 	 		0		10/22/2013 5:52:25 PM +01:00	
BagMRU\0 	2 	0 	6 	Desktop\Control Panel\Appearance and Personalization 	Control Panel Category 	Appearance and Personalization 	1 	 	 	 	10/22/2013 5:52:25 PM +01:00 	 		0			
BagMRU\0 	3 	0 	2 	Desktop\Control Panel\All Control Panel Items 	Control Panel Category 	All Control Panel Items 	2 	 	 	 	10/22/2013 5:52:25 PM +01:00 	 		0			
BagMRU\0 	4 	130 	4 	Desktop\Control Panel\Hardware and Sound 	Control Panel Category 	Hardware and Sound 	2 	 	 	 	10/22/2013 5:52:25 PM +01:00 	 		0			
BagMRU\0 	5 	0 	7 	Desktop\Control Panel\Ease of Access 	Control Panel Category 	Ease of Access 	1 	 	 	 	10/22/2013 5:52:25 PM +01:00 	 		0			
BagMRU\0 	6 	87 	5 	Desktop\Control Panel\Network and Internet 	Control Panel Category 	Network and Internet 	1 	 	 	 	10/22/2013 5:52:25 PM +01:00 	 		0			
BagMRU\0 	7 	136 	3 	Desktop\Control Panel\User Accounts 	Control Panel Category 	User Accounts 	0 	 	 	 	10/22/2013 5:52:25 PM +01:00 	 		0	10/7/2013 12:37:29 PM +01:00		
BagMRU\0\0 	0 	19 	5 	Desktop\Control Panel\System and Security\Windows Update 	GUID: Control panel 	Windows Update 	3 	 	 	 	10/21/2013 8:23:54 PM +01:00 	 		0			
BagMRU\0\0 	1 	13 	3 	Desktop\Control Panel\System and Security\History Vault 	GUID: Control panel 	History Vault 	3 	 	 	 	10/21/2013 8:23:54 PM +01:00 	 		0			
BagMRU\0\0 	2 	18 	0 	Desktop\Control Panel\System and Security\System 	GUID: Control panel 	System 	0 	 	 	 	10/21/2013 8:23:54 PM +01:00 	 		0	9/23/2013 8:22:18 PM +01:00	10/21/2013 8:23:54 PM +01:00	
BagMRU\0\0 	3 	38 	4 	Desktop\Control Panel\System and Security\Administrative Tools 	GUID: Control panel 	Administrative Tools 	0 	 	 	 	10/21/2013 8:23:54 PM +01:00 	 		0	9/23/2013 8:22:18 PM +01:00		
BagMRU\0\0 	4 	197 	2 	Desktop\Control Panel\System and Security\Action Center 	GUID: Control panel 	Action Center 	0 	 	 	 	10/21/2013 8:23:54 PM +01:00 	 		0	10/20/2013 11:24:38 PM +01:00		
BagMRU\0\0 	5 	210 	1 	Desktop\Control Panel\System and Security\Secure Startup (BitLocker Drive Encryption) 	GUID: Control panel 	Secure Startup (BitLocker Drive Encryption) 	0 	 	 	 	10/21/2013 8:23:54 PM +01:00 	 		0	10/21/2013 7:51:45 PM +01:00		
BagMRU\0\0\0 	0 	2 	2 	Desktop\Control Panel\System and Security\Windows Update\Change settings 	Variable: Users property view 	Change settings 	0 	 	 	 	9/23/2013 8:22:18 PM +01:00 	 		0	9/23/2013 8:22:18 PM +01:00		
BagMRU\0\0\0 	1 	25 	0 	Desktop\Control Panel\System and Security\Windows Update\Select updates to install 	Variable: Users property view 	Select updates to install 	0 	 	 	 	9/23/2013 8:22:18 PM +01:00 	 		0	9/23/2013 8:22:18 PM +01:00	9/23/2013 8:22:18 PM +01:00	
BagMRU\0\0\0 	2 	35 	1 	Desktop\Control Panel\System and Security\Windows Update\View update history 	Variable: Users property view 	View update history 	0 	 	 	 	9/23/2013 8:22:18 PM +01:00 	 		0	9/23/2013 8:22:18 PM +01:00		
BagMRU\0\0\1 	0 	14 	1 	Desktop\Control Panel\System and Security\History Vault\Select Drive 	Variable: Users property view 	Select Drive 	0 	 	 	 	10/1/2013 7:48:26 PM +01:00 	 		0	9/23/2013 8:22:18 PM +01:00		
BagMRU\0\0\1 	1 	15 	0 	Desktop\Control Panel\System and Security\History Vault\Exclude Folders 	Variable: Users property view 	Exclude Folders 	0 	 	 	 	10/1/2013 7:48:26 PM +01:00 	 		0	9/23/2013 8:22:18 PM +01:00	10/1/2013 7:48:26 PM +01:00	
BagMRU\0\0\1 	2 	16 	2 	Desktop\Control Panel\System and Security\History Vault\Advanced Settings 	Variable: Users property view 	Advanced Settings 	0 	 	 	 	10/1/2013 7:48:26 PM +01:00 	 		0	9/23/2013 8:22:18 PM +01:00		
BagMRU\0\1 	0 	4 	0 	Desktop\Control Panel\Programs\Programs and Features 	GUID: Control panel 	Programs and Features 	1 	 	 	 	9/23/2013 8:22:18 PM +01:00 	 		0		9/23/2013 8:22:18 PM +01:00	
BagMRU\0\1 	1 	0 	1 	Desktop\Control Panel\Programs\Default Programs 	GUID: Control panel 	Default Programs 	1 	 	 	 	9/23/2013 8:22:18 PM +01:00 	 		0			
BagMRU\0\1\0 	0 	3 	0 	Desktop\Control Panel\Programs\Programs and Features\-1507::appwiz.cpl 	Variable: Users property view 	-1507::appwiz.cpl 	0 	 	 	 	9/23/2013 8:22:18 PM +01:00 	 		0	9/23/2013 8:22:18 PM +01:00	9/23/2013 8:22:18 PM +01:00	
BagMRU\0\1\1 	0 	73 	0 	Desktop\Control Panel\Programs\Default Programs\Set Default Programs 	Variable: Users property view 	Set Default Programs 	0 	 	 	 	9/23/2013 8:22:18 PM +01:00 	 		0	9/23/2013 8:22:18 PM +01:00	9/23/2013 8:22:18 PM +01:00	
BagMRU\0\2 	0 	8 	0 	Desktop\Control Panel\Appearance and Personalization\Personalization Control Panel 	GUID: Control panel 	Personalization Control Panel 	0 	 	 	 	9/23/2013 8:22:18 PM +01:00 	 		0	9/23/2013 8:22:18 PM +01:00	9/23/2013 8:22:18 PM +01:00	
BagMRU\0\3 	0 	17 	1 	Desktop\Control Panel\All Control Panel Items\System Recovery 	GUID: Control panel 	System Recovery 	0 	 	 	 	10/21/2013 9:10:20 PM +01:00 	 		0	9/23/2013 8:22:18 PM +01:00		
BagMRU\0\3 	1 	0 	0 	Desktop\Control Panel\All Control Panel Items\Troubleshooting 	GUID: Control panel 	Troubleshooting 	1 	 	 	 	10/21/2013 9:10:20 PM +01:00 	 		0		10/21/2013 9:10:20 PM +01:00	
BagMRU\0\3\1 	0 	248 	0 	Desktop\Control Panel\All Control Panel Items\Troubleshooting\Additional Information 	Variable: Users property view 	Additional Information 	0 	 	 	 	10/21/2013 9:10:20 PM +01:00 	 		0	10/21/2013 9:10:20 PM +01:00	10/21/2013 9:10:20 PM +01:00	
BagMRU\0\4 	0 	39 	1 	Desktop\Control Panel\Hardware and Sound\Power Options 	GUID: Control panel 	Power Options 	1 	 	 	 	10/4/2013 6:43:57 PM +01:00 	 		0			
BagMRU\0\4 	1 	133 	0 	Desktop\Control Panel\Hardware and Sound\Device Center(Devices and Printers) 	GUID: Control panel 	Device Center(Devices and Printers) 	0 	 	 	 	10/4/2013 6:43:57 PM +01:00 	 		0	10/4/2013 6:43:57 PM +01:00	10/4/2013 6:43:57 PM +01:00	
BagMRU\0\4\0 	0 	40 	0 	Desktop\Control Panel\Hardware and Sound\Power Options\Edit Plan Settings 	Variable: Users property view 	Edit Plan Settings 	0 	 	 	 	9/23/2013 8:22:18 PM +01:00 	 		0	9/23/2013 8:22:18 PM +01:00	9/23/2013 8:22:18 PM +01:00	
BagMRU\0\5 	0 	41 	0 	Desktop\Control Panel\Ease of Access\Ease of Access 	GUID: Control panel 	Ease of Access 	0 	 	 	 	9/23/2013 8:22:18 PM +01:00 	 		0	9/23/2013 8:22:18 PM +01:00	9/23/2013 8:22:18 PM +01:00	
BagMRU\0\6 	0 	90 	0 	Desktop\Control Panel\Network and Internet\Network and Sharing Center 	GUID: Control panel 	Network and Sharing Center 	1 	 	 	 	9/23/2013 8:22:18 PM +01:00 	 		0		9/23/2013 8:22:18 PM +01:00	
BagMRU\0\6\0 	0 	123 	0 	Desktop\Control Panel\Network and Internet\Network and Sharing Center\Media streaming options 	Variable: Users property view 	Media streaming options 	0 	 	 	 	10/1/2013 7:59:12 PM +01:00 	 		0	10/1/2013 7:59:12 PM +01:00	10/1/2013 7:59:12 PM +01:00	
BagMRU\1 	0 	9 	14 	Desktop\My Computer\D: 	Drive letter 	D: 	2 	 	 	 	10/22/2013 10:41:53 PM +01:00 	 		0			
BagMRU\1 	1 	12 	1 	Desktop\My Computer\C: 	Drive letter 	C: 	8 	 	 	 	10/22/2013 10:41:53 PM +01:00 	 		0			
BagMRU\1 	2 	100 	3 	Desktop\My Computer\Downloads 	Root folder: GUID 	Downloads 	1 	 	 	 	10/22/2013 10:41:53 PM +01:00 	 		1			
BagMRU\1 	3 	104 	12 	Desktop\My Computer\asgardventurecapital.sharepoint.com 	Users Files Folder 	asgardventurecapital.sharepoint.com 	4 	9/23/2013 7:17:24 PM +01:00 	9/23/2013 7:17:24 PM +01:00 	9/23/2013 7:17:24 PM +01:00 	10/22/2013 10:41:53 PM +01:00 	194366 	12	2			NTFS file system
BagMRU\1 	4 	106 	2 	Desktop\My Computer\Documents 	Root folder: GUID 	Documents 	4 	 	 	 	10/22/2013 10:41:53 PM +01:00 	 		1			
BagMRU\1 	5 	108 	15 	Desktop\My Computer\Music 	Root folder: GUID 	Music 	1 	 	 	 	10/22/2013 10:41:53 PM +01:00 	 		0			
BagMRU\1 	6 	110 	16 	Desktop\My Computer\Desktop 	Root folder: GUID 	Desktop 	0 	 	 	 	10/22/2013 10:41:53 PM +01:00 	 		1	10/1/2013 3:11:56 AM +01:00		
BagMRU\1 	7 	114 	6 	Desktop\My Computer\Z: 	Drive letter 	Z: 	1 	 	 	 	10/22/2013 10:41:53 PM +01:00 	 		0			
BagMRU\1 	8 	137 	11 	Desktop\My Computer\Pictures 	Root folder: GUID 	Pictures 	5 	 	 	 	10/22/2013 10:41:53 PM +01:00 	 		0			
BagMRU\1 	9 	140 	13 	Desktop\My Computer\Photo Stream 	Root folder: GUID 	Photo Stream 	3 	 	 	 	10/22/2013 10:41:53 PM +01:00 	 		0			
BagMRU\1 	10 	141 	0 	Desktop\My Computer\E: 	Drive letter 	E: 	8 	 	 	 	10/22/2013 10:41:53 PM +01:00 	 		0		10/22/2013 10:41:53 PM +01:00	
BagMRU\1 	11 	161 	7 	Desktop\My Computer\P: 	Drive letter 	P: 	2 	 	 	 	10/22/2013 10:41:53 PM +01:00 	 		0			
BagMRU\1 	12 	198 	4 	Desktop\My Computer\Donald's Windows Phone 	Root folder: MPT device 	Donald's Windows Phone 	1 	 	 	 	10/22/2013 10:41:53 PM +01:00 	 		0			
BagMRU\1 	13 	206 	5 	Desktop\My Computer\F: 	Drive letter 	F: 	1 	 	 	 	10/22/2013 10:41:53 PM +01:00 	 		0			
BagMRU\1 	14 	207 	10 	Desktop\My Computer\Videos 	Root folder: GUID 	Videos 	0 	 	 	 	10/22/2013 10:41:53 PM +01:00 	 		1	10/21/2013 7:47:29 PM +01:00		
BagMRU\1 	15 	239 	9 	Desktop\My Computer\DLNA Media Servers Data Source 	Variable: Users property view 	DLNA Media Servers Data Source 	0 	 	 	 	10/22/2013 10:41:53 PM +01:00 	 		0	10/21/2013 9:01:42 PM +01:00		
BagMRU\1 	16 	240 	8 	Desktop\My Computer\DLNA Media Servers Data Source 	Variable: Users property view 	DLNA Media Servers Data Source 	0 	 	 	 	10/22/2013 10:41:53 PM +01:00 	 		0	10/21/2013 9:01:48 PM +01:00		
BagMRU\1\0 	0 	10 	1 	Desktop\My Computer\D:\Application 	Directory 	Application 	0 	6/2/2013 4:52:42 AM +01:00 	6/2/2013 4:52:42 AM +01:00 	6/2/2013 4:52:42 AM +01:00 	9/23/2013 8:22:18 PM +01:00 	2133 	18	1	9/23/2013 8:22:18 PM +01:00		NTFS file system
BagMRU\1\0 	1 	11 	0 	Desktop\My Computer\D:\drivers 	Directory 	drivers 	0 	6/2/2013 4:30:46 AM +01:00 	6/2/2013 4:56:46 AM +01:00 	6/2/2013 4:56:46 AM +01:00 	9/23/2013 8:22:18 PM +01:00 	38 	1	1	9/23/2013 8:22:18 PM +01:00	9/23/2013 8:22:18 PM +01:00	NTFS file system
BagMRU\1\1 	0 	216 	0 	Desktop\My Computer\C:\Users 	Directory 	Users 	1 	7/26/2012 6:38:00 AM +01:00 	8/10/2013 4:03:24 AM +01:00 	8/10/2013 4:03:24 AM +01:00 	10/20/2013 11:21:09 PM +01:00 	3915 	1	1		10/20/2013 11:21:09 PM +01:00	NTFS file system
BagMRU\1\1 	1 	26 	5 	Desktop\My Computer\C:\Program Files 	Directory 	Program Files 	2 	7/26/2012 6:38:00 AM +01:00 	8/12/2013 2:00:08 AM +01:00 	8/12/2013 2:00:08 AM +01:00 	10/20/2013 11:21:09 PM +01:00 	76 	1	1			NTFS file system
BagMRU\1\1 	2 	29 	6 	Desktop\My Computer\C:\Program Files (x86) 	Directory 	Program Files (x86) 	1 	7/26/2012 6:38:00 AM +01:00 	8/12/2013 2:02:20 AM +01:00 	8/12/2013 2:02:20 AM +01:00 	10/20/2013 11:21:09 PM +01:00 	3725 	1	1			NTFS file system
BagMRU\1\1 	3 	0 	7 	Desktop\My Computer\C:\ProgramData 	Directory 	ProgramData 	1 	 	 	 	10/20/2013 11:21:09 PM +01:00 	0 		1			
BagMRU\1\1 	4 	68 	1 	Desktop\My Computer\C:\Windows 	Directory 	Windows 	3 	7/26/2012 6:38:00 AM +01:00 	8/12/2013 4:07:06 AM +01:00 	8/12/2013 4:07:06 AM +01:00 	10/20/2013 11:21:09 PM +01:00 	4069 	1	1			NTFS file system
BagMRU\1\1 	5 	95 	2 	Desktop\My Computer\C:\Windows.old 	Directory 	Windows.old 	0 	9/24/2013 12:12:56 AM +01:00 	9/24/2013 12:12:58 AM +01:00 	9/24/2013 12:12:58 AM +01:00 	10/20/2013 11:21:09 PM +01:00 	278941 	4	1	9/23/2013 8:51:09 PM +01:00		NTFS file system
BagMRU\1\1 	6 	131 	4 	Desktop\My Computer\C:\drivers 	Directory 	drivers 	1 	10/4/2013 6:41:58 PM +01:00 	10/4/2013 6:41:58 PM +01:00 	10/4/2013 6:41:58 PM +01:00 	10/20/2013 11:21:09 PM +01:00 	11087 	286	1			NTFS file system
BagMRU\1\1 	7 	190 	3 	Desktop\My Computer\C:\New folder 	Directory 	New folder 	0 	10/19/2013 9:00:56 PM +01:00 	10/19/2013 9:00:56 PM +01:00 	10/19/2013 9:00:56 PM +01:00 	10/20/2013 11:21:09 PM +01:00 	19936 	9	1	10/19/2013 9:00:59 PM +01:00		NTFS file system
BagMRU\1\1\0 	0 	139 	0 	Desktop\My Computer\C:\Users\Donald 	Directory 	Donald 	6 	8/10/2013 4:03:24 AM +01:00 	8/12/2013 2:02:20 AM +01:00 	8/12/2013 2:02:20 AM +01:00 	8/1/2013 8:22:31 PM +01:00 	4007 	2	1		8/1/2013 8:22:31 PM +01:00	NTFS file system
BagMRU\1\1\0\0 	0 	23 	5 	Desktop\My Computer\C:\Users\Donald\SkyDrive 	Directory 	SkyDrive 	1 	8/12/2013 2:02:20 AM +01:00 	8/12/2013 2:11:04 AM +01:00 	8/12/2013 2:11:04 AM +01:00 	10/22/2013 5:42:55 PM +01:00 	127384 	2	1			NTFS file system
BagMRU\1\1\0\0 	1 	205 	1 	Desktop\My Computer\C:\Users\Donald\Documents 	Directory 	Documents 	3 	8/10/2013 4:03:24 AM +01:00 	8/12/2013 3:34:18 AM +01:00 	8/12/2013 3:34:18 AM +01:00 	10/22/2013 5:42:55 PM +01:00 	4017 	2	1			NTFS file system
BagMRU\1\1\0\0 	2 	56 	4 	Desktop\My Computer\C:\Users\Donald\Downloads 	Directory 	Downloads 	0 	8/10/2013 4:03:24 AM +01:00 	8/31/2013 9:31:58 PM +01:00 	8/31/2013 9:31:58 PM +01:00 	10/22/2013 5:42:55 PM +01:00 	4016 	2	1	9/23/2013 8:22:18 PM +01:00		NTFS file system
BagMRU\1\1\0\0 	3 	254 	0 	Desktop\My Computer\C:\Users\Donald\AppData 	Directory 	AppData 	1 	9/23/2013 8:17:32 PM +01:00 	9/23/2013 8:18:00 PM +01:00 	9/23/2013 8:18:00 PM +01:00 	10/22/2013 5:42:55 PM +01:00 	232350 	3	1		10/22/2013 5:42:55 PM +01:00	NTFS file system
BagMRU\1\1\0\0 	4 	0 	3 	Desktop\My Computer\C:\Users\Donald\SharePoint 	Directory 	SharePoint 	1 	10/7/2013 12:36:18 PM +01:00 	10/7/2013 12:36:20 PM +01:00 	10/7/2013 12:36:20 PM +01:00 	10/22/2013 5:42:55 PM +01:00 	3976 	17	1			NTFS file system
BagMRU\1\1\0\0 	5 	217 	2 	Desktop\My Computer\C:\Users\Donald\Dropbox 	Directory 	Dropbox 	0 	8/8/2013 8:17:00 PM +01:00 	8/1/2013 8:21:14 PM +01:00 	8/1/2013 8:21:14 PM +01:00 	10/22/2013 5:42:55 PM +01:00 	48220 	4	1	8/1/2013 8:22:35 PM +01:00		NTFS file system
BagMRU\1\1\0\0\0 	0 	78 	0 	Desktop\My Computer\C:\Users\Donald\SkyDrive\Documents 	Directory 	Documents 	0 	8/12/2013 2:11:04 AM +01:00 	8/31/2013 4:54:32 AM +01:00 	8/31/2013 4:54:32 AM +01:00 	9/23/2013 8:22:18 PM +01:00 	127282 	3	1	9/23/2013 8:22:18 PM +01:00	9/23/2013 8:22:18 PM +01:00	NTFS file system
BagMRU\1\1\0\0\1 	0 	36 	2 	Desktop\My Computer\C:\Users\Donald\Documents\Outlook Files 	Directory 	Outlook Files 	0 	8/12/2013 3:34:18 AM +01:00 	8/12/2013 3:34:18 AM +01:00 	8/12/2013 3:34:18 AM +01:00 	10/21/2013 7:39:44 PM +01:00 	54683 	69	1	9/23/2013 8:22:18 PM +01:00		NTFS file system
BagMRU\1\1\0\0\1 	1 	147 	1 	Desktop\My Computer\C:\Users\Donald\Documents\Custom Office Templates 	Directory 	Custom Office Templates 	0 	8/12/2013 4:39:46 AM +01:00 	8/12/2013 4:39:46 AM +01:00 	8/12/2013 4:39:46 AM +01:00 	10/21/2013 7:39:44 PM +01:00 	90500 	14	1	10/13/2013 10:58:22 AM +01:00		NTFS file system
BagMRU\1\1\0\0\1 	2 	178 	0 	Desktop\My Computer\C:\Users\Donald\Documents\OneNote Notebooks 	Directory 	OneNote Notebooks 	0 	8/12/2013 4:38:14 AM +01:00 	8/31/2013 4:54:34 AM +01:00 	8/31/2013 4:54:34 AM +01:00 	10/21/2013 7:39:44 PM +01:00 	90428 	6	1	10/18/2013 1:23:10 AM +01:00	10/21/2013 7:39:44 PM +01:00	NTFS file system
BagMRU\1\1\0\0\3 	0 	255 	0 	Desktop\My Computer\C:\Users\Donald\AppData\Roaming 	Directory 	Roaming 	1 	9/23/2013 8:17:32 PM +01:00 	9/23/2013 8:47:22 PM +01:00 	9/23/2013 8:47:22 PM +01:00 	10/22/2013 5:42:55 PM +01:00 	232353 	3	1		10/22/2013 5:42:55 PM +01:00	NTFS file system
BagMRU\1\1\0\0\3\0 	0 	256 	0 	Desktop\My Computer\C:\Users\Donald\AppData\Roaming\Microsoft 	Directory 	Microsoft 	2 	9/23/2013 8:17:32 PM +01:00 	9/23/2013 9:41:52 PM +01:00 	9/23/2013 9:41:52 PM +01:00 	10/22/2013 5:42:57 PM +01:00 	232356 	3	1		10/22/2013 5:42:57 PM +01:00	NTFS file system
BagMRU\1\1\0\0\3\0\0 	0 	148 	1 	Desktop\My Computer\C:\Users\Donald\AppData\Roaming\Microsoft\Templates 	Directory 	Templates 	0 	8/12/2013 2:32:34 AM +01:00 	10/13/2013 10:15:08 AM +01:00 	10/13/2013 10:15:08 AM +01:00 	10/22/2013 5:43:16 PM +01:00 	130530 	3	1	10/13/2013 10:58:23 AM +01:00		NTFS file system
BagMRU\1\1\0\0\3\0\0 	1 	257 	0 	Desktop\My Computer\C:\Users\Donald\AppData\Roaming\Microsoft\Windows 	Directory 	Windows 	1 	9/23/2013 8:17:32 PM +01:00 	10/13/2013 9:57:36 AM +01:00 	10/13/2013 9:57:36 AM +01:00 	10/22/2013 5:43:16 PM +01:00 	232357 	3	1		10/22/2013 5:43:16 PM +01:00	NTFS file system
BagMRU\1\1\0\0\3\0\0\1 	0 	258 	0 	Desktop\My Computer\C:\Users\Donald\AppData\Roaming\Microsoft\Windows\Recent 	Directory 	Recent 	0 	8/10/2013 4:03:24 AM +01:00 	10/22/2013 5:33:54 PM +01:00 	10/22/2013 5:33:54 PM +01:00 	10/22/2013 5:43:34 PM +01:00 	26445 	2	2	10/22/2013 5:43:34 PM +01:00	10/22/2013 5:43:34 PM +01:00	NTFS file system
BagMRU\1\1\0\0\4 	0 	201 	0 	Desktop\My Computer\C:\Users\Donald\SharePoint\Donald Blake 	Directory 	Donald Blake 	0 	10/7/2013 12:36:18 PM +01:00 	10/7/2013 12:36:44 PM +01:00 	10/7/2013 12:36:44 PM +01:00 	10/21/2013 7:24:07 PM +01:00 	15980 	3	1	10/21/2013 7:24:07 PM +01:00	10/21/2013 7:24:07 PM +01:00	NTFS file system
BagMRU\1\1\1 	0 	27 	0 	Desktop\My Computer\C:\Program Files\Microsoft Office 15 	Directory 	Microsoft Office 15 	2 	8/12/2013 2:00:08 AM +01:00 	8/12/2013 2:00:14 AM +01:00 	8/12/2013 2:00:14 AM +01:00 	9/23/2013 8:22:18 PM +01:00 	114741 	6	1		9/23/2013 8:22:18 PM +01:00	NTFS file system
BagMRU\1\1\1 	1 	82 	1 	Desktop\My Computer\C:\Program Files\Windows Mail 	Directory 	Windows Mail 	0 	7/26/2012 9:13:00 AM +01:00 	7/26/2012 8:51:10 AM +01:00 	7/26/2012 8:51:10 AM +01:00 	9/23/2013 8:22:18 PM +01:00 	169 	1	1	9/23/2013 8:22:18 PM +01:00		NTFS file system
BagMRU\1\1\1\0 	0 	28 	1 	Desktop\My Computer\C:\Program Files\Microsoft Office 15\ClientX64 	Directory 	ClientX64 	0 	8/12/2013 2:00:08 AM +01:00 	8/12/2013 2:00:14 AM +01:00 	8/12/2013 2:00:14 AM +01:00 	9/23/2013 8:22:18 PM +01:00 	114745 	6	1	9/23/2013 8:22:18 PM +01:00		NTFS file system
BagMRU\1\1\1\0 	1 	33 	0 	Desktop\My Computer\C:\Program Files\Microsoft Office 15\root 	Directory 	root 	1 	8/12/2013 2:00:14 AM +01:00 	8/12/2013 2:01:10 AM +01:00 	8/12/2013 2:01:10 AM +01:00 	9/23/2013 8:22:18 PM +01:00 	115209 	6	1		9/23/2013 8:22:18 PM +01:00	NTFS file system
BagMRU\1\1\1\0\1 	0 	34 	0 	Desktop\My Computer\C:\Program Files\Microsoft Office 15\root\office15 	Directory 	office15 	0 	8/12/2013 2:00:14 AM +01:00 	8/12/2013 2:01:18 AM +01:00 	8/12/2013 2:01:18 AM +01:00 	9/23/2013 8:22:18 PM +01:00 	115215 	6	1	9/23/2013 8:22:18 PM +01:00	9/23/2013 8:22:18 PM +01:00	NTFS file system
BagMRU\1\1\2 	0 	30 	0 	Desktop\My Computer\C:\Program Files (x86)\Microsoft Office 	Directory 	Microsoft Office 	1 	6/2/2013 4:46:56 AM +01:00 	6/2/2013 4:46:56 AM +01:00 	6/2/2013 4:46:56 AM +01:00 	9/23/2013 8:22:18 PM +01:00 	105731 	10	1		9/23/2013 8:22:18 PM +01:00	NTFS file system
BagMRU\1\1\2\0 	0 	31 	0 	Desktop\My Computer\C:\Program Files (x86)\Microsoft Office\Office15 	Directory 	Office15 	0 	6/2/2013 4:46:56 AM +01:00 	8/12/2013 2:02:08 AM +01:00 	8/12/2013 2:02:08 AM +01:00 	9/23/2013 8:22:18 PM +01:00 	105732 	10	1	9/23/2013 8:22:18 PM +01:00	9/23/2013 8:22:18 PM +01:00	NTFS file system
BagMRU\1\1\3 	0 	0 	0 	Desktop\My Computer\C:\ProgramData\Microsoft 	Directory 	Microsoft 	1 	 	 	 	9/23/2013 8:22:18 PM +01:00 	0 		1		9/23/2013 8:22:18 PM +01:00	
BagMRU\1\1\3\0 	0 	0 	0 	Desktop\My Computer\C:\ProgramData\Microsoft\Windows 	Directory 	Windows 	1 	 	 	 	9/23/2013 8:22:18 PM +01:00 	0 		1		9/23/2013 8:22:18 PM +01:00	
BagMRU\1\1\3\0\0 	0 	0 	0 	Desktop\My Computer\C:\ProgramData\Microsoft\Windows\Start Menu 	Directory 	Start Menu 	1 	 	 	 	9/23/2013 8:22:18 PM +01:00 	0 		1		9/23/2013 8:22:18 PM +01:00	
BagMRU\1\1\3\0\0\0 	0 	0 	0 	Desktop\My Computer\C:\ProgramData\Microsoft\Windows\Start Menu\Programs 	Directory 	Programs 	1 	7/26/2012 9:13:00 AM +01:00 	8/12/2013 2:02:06 AM +01:00 	8/12/2013 2:02:06 AM +01:00 	9/23/2013 8:22:18 PM +01:00 	3854 	1	1		9/23/2013 8:22:18 PM +01:00	NTFS file system
BagMRU\1\1\3\0\0\0\0 	0 	32 	0 	Desktop\My Computer\C:\ProgramData\Microsoft\Windows\Start Menu\Programs\Microsoft Office 2013 	Directory 	Microsoft Office 2013 	0 	8/12/2013 2:00:48 AM +01:00 	8/12/2013 2:01:18 AM +01:00 	8/12/2013 2:01:18 AM +01:00 	9/23/2013 8:22:18 PM +01:00 	117000 	6	1	9/23/2013 8:22:18 PM +01:00	9/23/2013 8:22:18 PM +01:00	NTFS file system
BagMRU\1\1\4 	0 	69 	2 	Desktop\My Computer\C:\Windows\Prefetch 	Directory 	Prefetch 	1 	10/10/2012 12:08:50 AM +01:00 	9/3/2013 3:11:04 AM +01:00 	9/3/2013 3:11:04 AM +01:00 	10/20/2013 11:14:08 PM +01:00 	5949 	1	1			NTFS file system
BagMRU\1\1\4 	1 	169 	0 	Desktop\My Computer\C:\Windows\System32 	Directory 	System32 	2 	8/22/2013 2:36:18 PM +01:00 	10/17/2013 5:44:14 PM +01:00 	10/17/2013 5:44:14 PM +01:00 	10/20/2013 11:14:08 PM +01:00 	202181 	3	1		10/20/2013 11:14:08 PM +01:00	NTFS file system
BagMRU\1\1\4 	2 	192 	1 	Desktop\My Computer\C:\Windows\Temp 	Directory 	Temp 	0 	8/22/2013 2:36:18 PM +01:00 	10/19/2013 8:50:10 PM +01:00 	10/19/2013 8:50:10 PM +01:00 	10/20/2013 11:14:08 PM +01:00 	203657 	3	1	10/19/2013 9:08:18 PM +01:00		NTFS file system
BagMRU\1\1\4\0 	0 	70 	0 	Desktop\My Computer\C:\Windows\Prefetch\ReadyBoot 	Directory 	ReadyBoot 	0 	10/10/2012 12:08:56 AM +01:00 	8/10/2013 6:49:08 PM +01:00 	8/10/2013 6:49:08 PM +01:00 	9/23/2013 8:22:18 PM +01:00 	5950 	1	1	9/23/2013 8:22:18 PM +01:00	9/23/2013 8:22:18 PM +01:00	NTFS file system
BagMRU\1\1\4\1 	0 	193 	1 	Desktop\My Computer\C:\Windows\System32\LogFiles 	Directory 	LogFiles 	1 	8/22/2013 4:36:32 PM +01:00 	9/23/2013 8:48:22 PM +01:00 	9/23/2013 8:48:22 PM +01:00 	10/20/2013 11:16:27 PM +01:00 	202945 	3	1			NTFS file system
BagMRU\1\1\4\1 	1 	195 	0 	Desktop\My Computer\C:\Windows\System32\winevt 	Directory 	winevt 	1 	8/22/2013 4:36:32 PM +01:00 	8/22/2013 4:36:32 PM +01:00 	8/22/2013 4:36:32 PM +01:00 	10/20/2013 11:16:27 PM +01:00 	203338 	3	1		10/20/2013 11:16:27 PM +01:00	NTFS file system
BagMRU\1\1\4\1\0 	0 	194 	0 	Desktop\My Computer\C:\Windows\System32\LogFiles\Firewall 	Directory 	Firewall 	0 	8/22/2013 4:36:32 PM +01:00 	8/22/2013 4:36:32 PM +01:00 	8/22/2013 4:36:32 PM +01:00 	10/20/2013 11:14:41 PM +01:00 	202950 	3	1	10/20/2013 11:14:41 PM +01:00	10/20/2013 11:14:41 PM +01:00	NTFS file system
BagMRU\1\1\4\1\1 	0 	196 	0 	Desktop\My Computer\C:\Windows\System32\winevt\Logs 	Directory 	Logs 	0 	8/22/2013 4:36:32 PM +01:00 	10/20/2013 11:08:38 PM +01:00 	10/20/2013 11:08:38 PM +01:00 	10/20/2013 11:16:28 PM +01:00 	203339 	3	1	10/20/2013 11:16:28 PM +01:00	10/20/2013 11:16:28 PM +01:00	NTFS file system
BagMRU\1\1\6 	0 	132 	0 	Desktop\My Computer\C:\drivers\Conexant Audio Driver 	Directory 	Conexant Audio Driver 	0 	10/4/2013 6:41:58 PM +01:00 	10/4/2013 6:42:08 PM +01:00 	10/4/2013 6:42:08 PM +01:00 	10/4/2013 6:43:33 PM +01:00 	11088 	280	1	10/4/2013 6:43:33 PM +01:00	10/4/2013 6:43:33 PM +01:00	NTFS file system
BagMRU\1\10 	0 	171 	7 	Desktop\My Computer\E:\Saved pictures 	Directory 	Saved pictures 	0 	10/17/2013 8:28:50 PM +01:00 	9/2/2013 8:43:12 PM +01:00 	10/17/2013 5:00:00 AM +01:00 	10/23/2013 4:09:17 AM +01:00 	65728 		1	10/17/2013 8:29:30 PM +01:00		FAT file system
BagMRU\1\10 	1 	172 	5 	Desktop\My Computer\E:\iCloud Photos 	Directory 	iCloud Photos 	1 	10/17/2013 8:29:14 PM +01:00 	10/17/2013 8:29:14 PM +01:00 	10/17/2013 5:00:00 AM +01:00 	10/23/2013 4:09:17 AM +01:00 	67040 		1			FAT file system
BagMRU\1\10 	2 	173 	6 	Desktop\My Computer\E:\Mobile uploads 	Directory 	Mobile uploads 	0 	10/17/2013 8:28:50 PM +01:00 	9/2/2013 8:43:22 PM +01:00 	10/17/2013 5:00:00 AM +01:00 	10/23/2013 4:09:17 AM +01:00 	65888 		1	10/17/2013 8:29:36 PM +01:00		FAT file system
BagMRU\1\10 	3 	175 	4 	Desktop\My Computer\E:\From Donald's Windows Phone 	Directory 	From Donald's Windows Phone 	1 	10/17/2013 8:29:06 PM +01:00 	9/2/2013 9:02:26 PM +01:00 	10/17/2013 5:00:00 AM +01:00 	10/23/2013 4:09:17 AM +01:00 	66912 		1			FAT file system
BagMRU\1\10 	4 	177 	3 	Desktop\My Computer\E:\BetterWidgets Business Plan 	Directory 	BetterWidgets Business Plan 	0 	10/17/2013 10:06:46 PM +01:00 	10/17/2013 10:06:46 PM +01:00 	10/17/2013 5:00:00 AM +01:00 	10/23/2013 4:09:17 AM +01:00 	255072 		1	10/17/2013 10:06:57 PM +01:00		FAT file system
BagMRU\1\10 	5 	208 	2 	Desktop\My Computer\E:\Pictures 	Directory 	Pictures 	0 	10/21/2013 7:48:34 PM +01:00 	10/21/2013 7:48:34 PM +01:00 	10/21/2013 5:00:00 AM +01:00 	10/23/2013 4:09:17 AM +01:00 	255776 		1	10/21/2013 7:48:39 PM +01:00		FAT file system
BagMRU\1\10 	6 	264 	1 	Desktop\My Computer\E:\TACTICAL Subject 	Directory 	TACTICAL Subject 	0 	7/30/2013 7:58:08 PM +01:00 	7/30/2013 7:58:08 PM +01:00 	9/18/2013 5:00:00 AM +01:00 	10/23/2013 4:09:17 AM +01:00 	249952 		1	10/22/2013 10:42:25 PM +01:00		FAT file system
BagMRU\1\10 	7 	265 	0 	Desktop\My Computer\E:\FTK Imager 	Directory 	FTK Imager 	0 	10/23/2013 4:08:46 AM +01:00 	10/23/2013 4:08:48 AM +01:00 	10/23/2013 4:08:48 AM +01:00 	10/23/2013 4:09:17 AM +01:00 	37 	1	1	10/23/2013 4:09:17 AM +01:00	10/23/2013 4:09:17 AM +01:00	NTFS file system
BagMRU\1\10\1 	0 	174 	0 	Desktop\My Computer\E:\iCloud Photos\My Photo Stream 	Directory 	My Photo Stream 	0 	10/17/2013 8:29:14 PM +01:00 	10/17/2013 8:07:52 PM +01:00 	10/17/2013 5:00:00 AM +01:00 	10/17/2013 8:29:40 PM +01:00 	51650720 		1	10/17/2013 8:29:40 PM +01:00	10/17/2013 8:29:40 PM +01:00	FAT file system
BagMRU\1\10\3 	0 	176 	0 	Desktop\My Computer\E:\From Donald's Windows Phone\Saved pictures 	Directory 	Saved pictures 	0 	10/17/2013 8:29:12 PM +01:00 	10/12/2013 6:35:30 PM +01:00 	10/17/2013 5:00:00 AM +01:00 	10/17/2013 8:29:45 PM +01:00 	4309184 		1	10/17/2013 8:29:45 PM +01:00	10/17/2013 8:29:45 PM +01:00	FAT file system
BagMRU\1\11 	0 	162 	0 	Desktop\My Computer\P:\Templates 	Directory 	Templates 	0 	10/17/2013 5:53:52 PM +01:00 	10/17/2013 5:53:56 PM +01:00 	10/17/2013 5:53:56 PM +01:00 	10/17/2013 8:18:56 PM +01:00 	44735 	17	1	10/17/2013 8:18:20 PM +01:00	10/17/2013 8:18:56 PM +01:00	NTFS file system
BagMRU\1\11 	1 	163 	1 	Desktop\My Computer\P:\Articles 	Directory 	Articles 	0 	10/17/2013 5:52:54 PM +01:00 	10/17/2013 5:52:58 PM +01:00 	10/17/2013 5:52:58 PM +01:00 	10/17/2013 8:18:56 PM +01:00 	44116 	9	1	10/17/2013 8:18:54 PM +01:00		NTFS file system
BagMRU\1\12 	0 	199 	0 	Desktop\My Computer\Donald's Windows Phone\Phone 	Variable: MTP type 2 	Phone 	1 	 	 	 	10/21/2013 6:38:50 PM +01:00 	 		0		10/21/2013 6:38:50 PM +01:00	
BagMRU\1\12\0 	0 	234 	0 	Desktop\My Computer\Donald's Windows Phone\Phone\Documents 	Variable: MTP type 1 	Documents 	4 	 	5/3/2013 3:46:25 AM +00:00 	 	10/21/2013 8:59:23 PM +01:00 	 		0		10/21/2013 8:59:23 PM +01:00	
BagMRU\1\12\0\0 	0 	235 	0 	Desktop\My Computer\Donald's Windows Phone\Phone\Documents\Workshop 	Variable: MTP type 1 	Workshop 	0 	 	10/21/2013 7:59:17 PM +00:00 	 	10/21/2013 9:07:20 PM +01:00 	 		0	10/21/2013 8:59:27 PM +01:00	10/21/2013 9:07:20 PM +01:00	
BagMRU\1\12\0\0 	1 	236 	1 	Desktop\My Computer\Donald's Windows Phone\Phone\Documents\Templates 	Variable: MTP type 1 	Templates 	0 	 	10/21/2013 7:59:20 PM +00:00 	 	10/21/2013 9:07:20 PM +01:00 	 		0	10/21/2013 8:59:40 PM +01:00		
BagMRU\1\12\0\0 	2 	237 	2 	Desktop\My Computer\Donald's Windows Phone\Phone\Documents\Lean startup 	Variable: MTP type 1 	Lean startup 	0 	 	10/21/2013 7:59:18 PM +00:00 	 	10/21/2013 9:07:20 PM +01:00 	 		0	10/21/2013 8:59:50 PM +01:00		
BagMRU\1\12\0\0 	3 	238 	3 	Desktop\My Computer\Donald's Windows Phone\Phone\Documents\Articles 	Variable: MTP type 1 	Articles 	0 	 	10/21/2013 7:59:18 PM +00:00 	 	10/21/2013 9:07:20 PM +01:00 	 		0	10/21/2013 8:59:59 PM +01:00		
BagMRU\1\13 	0 	252 	0 	Desktop\My Computer\F:\Templates 	Directory 	Templates 	0 	10/21/2013 9:16:24 PM +01:00 	10/21/2013 9:04:18 PM +01:00 	10/21/2013 5:00:00 AM +01:00 	10/21/2013 9:16:35 PM +01:00 	253312 		1	10/21/2013 9:16:35 PM +01:00	10/21/2013 9:16:35 PM +01:00	FAT file system
BagMRU\1\2 	0 	253 	0 	Desktop\My Computer\Downloads\SDelete 	Directory 	SDelete 	0 	10/22/2013 5:29:48 PM +01:00 	10/22/2013 5:29:48 PM +01:00 	10/22/2013 5:29:48 PM +01:00 	10/22/2013 5:29:47 PM +01:00 	0 		1	10/22/2013 5:29:47 PM +01:00	10/22/2013 5:29:47 PM +01:00	
BagMRU\1\3 	0 	105 	0 	Desktop\My Computer\asgardventurecapital.sharepoint.com\Shared Documents 	Directory 	Shared Documents 	2 	7/22/2013 6:01:22 AM +01:00 	9/21/2013 11:00:00 PM +01:00 	9/21/2013 11:00:00 PM +01:00 	10/18/2013 3:20:06 AM +01:00 	0 		1		10/18/2013 3:20:06 AM +01:00	
BagMRU\1\3 	1 	134 	3 	Desktop\My Computer\asgardventurecapital.sharepoint.com\m 	Directory 	m 	0 	7/22/2013 6:01:20 AM +01:00 	7/22/2013 6:01:20 AM +01:00 	7/22/2013 6:01:20 AM +01:00 	10/18/2013 3:20:06 AM +01:00 	0 		1	10/7/2013 9:30:27 AM +01:00		
BagMRU\1\3 	2 	185 	1 	Desktop\My Computer\asgardventurecapital.sharepoint.com\Asgard Documents 	Directory 	Asgard Documents 	0 	10/13/2013 11:10:46 AM +01:00 	10/13/2013 11:10:46 AM +01:00 	10/13/2013 11:10:46 AM +01:00 	10/18/2013 3:20:06 AM +01:00 	0 		1	10/18/2013 3:19:47 AM +01:00		
BagMRU\1\3 	3 	187 	2 	Desktop\My Computer\asgardventurecapital.sharepoint.com\IWConvertedForms 	Directory 	IWConvertedForms 	0 	7/22/2013 6:00:52 AM +01:00 	7/22/2013 6:00:52 AM +01:00 	7/22/2013 6:00:52 AM +01:00 	10/18/2013 3:20:06 AM +01:00 	0 		1	10/18/2013 3:19:58 AM +01:00		
BagMRU\1\3\0 	0 	135 	0 	Desktop\My Computer\asgardventurecapital.sharepoint.com\Shared Documents\Business Plans 	Directory 	Business Plans 	1 	9/26/2013 6:11:06 PM +01:00 	9/26/2013 6:12:40 PM +01:00 	9/26/2013 6:12:40 PM +01:00 	10/18/2013 3:20:09 AM +01:00 	0 		1		10/18/2013 3:20:09 AM +01:00	
BagMRU\1\3\0 	1 	186 	1 	Desktop\My Computer\asgardventurecapital.sharepoint.com\Shared Documents\Startups 	Directory 	Startups 	0 	10/13/2013 1:40:18 PM +01:00 	10/13/2013 1:40:18 PM +01:00 	10/13/2013 1:40:18 PM +01:00 	10/18/2013 3:20:09 AM +01:00 	0 		1	10/18/2013 3:19:54 AM +01:00		
BagMRU\1\3\0\0 	0 	145 	0 	Desktop\My Computer\asgardventurecapital.sharepoint.com\Shared Documents\Business Plans\In Review - NOT FOR RELEASE 	Directory 	In Review - NOT FOR RELEASE 	0 	9/26/2013 6:11:06 PM +01:00 	9/26/2013 6:12:20 PM +01:00 	9/26/2013 6:12:20 PM +01:00 	10/13/2013 10:15:02 AM +01:00 	0 		1	10/13/2013 10:15:02 AM +01:00	10/13/2013 10:15:02 AM +01:00	
BagMRU\1\4 	0 	107 	2 	Desktop\My Computer\Documents\VC Files 	Directory 	VC Files 	0 	8/31/2013 4:53:22 AM +01:00 	9/23/2013 7:21:52 PM +01:00 	9/23/2013 7:21:52 PM +01:00 	8/1/2013 8:20:23 PM +01:00 	125646 	6	1	9/27/2013 3:57:39 AM +01:00		NTFS file system
BagMRU\1\4 	1 	179 	3 	Desktop\My Computer\Documents\Fantasy Football 	Directory 	Fantasy Football 	0 	10/18/2013 1:23:22 AM +01:00 	10/18/2013 1:23:22 AM +01:00 	10/18/2013 1:23:22 AM +01:00 	8/1/2013 8:20:23 PM +01:00 	20068 	9	1	10/18/2013 1:25:04 AM +01:00		NTFS file system
BagMRU\1\4 	2 	183 	1 	Desktop\My Computer\Documents\Shared Documents 	Directory 	Shared Documents 	1 	9/23/2013 7:19:00 PM +01:00 	9/23/2013 7:19:00 PM +01:00 	9/23/2013 7:19:00 PM +01:00 	8/1/2013 8:20:23 PM +01:00 	194395 	7	1			NTFS file system
BagMRU\1\4 	3 	213 	0 	Desktop\My Computer\Documents\N 	Directory 	N 	0 	9/1/2013 5:42:58 PM +01:00 	9/1/2013 5:42:58 PM +01:00 	9/1/2013 5:42:58 PM +01:00 	8/1/2013 8:20:23 PM +01:00 	150417 	18	1	8/1/2013 8:20:23 PM +01:00	8/1/2013 8:20:23 PM +01:00	NTFS file system
BagMRU\1\4\2 	0 	184 	0 	Desktop\My Computer\Documents\Shared Documents\Confidential Analysis Data 	Directory 	Confidential Analysis Data 	0 	9/23/2013 7:19:00 PM +01:00 	10/13/2013 9:44:36 AM +01:00 	10/13/2013 9:44:36 AM +01:00 	10/18/2013 2:51:16 AM +01:00 	194396 	8	1	10/18/2013 2:51:16 AM +01:00	10/18/2013 2:51:16 AM +01:00	NTFS file system
BagMRU\1\5 	0 	109 	0 	Desktop\My Computer\Music\iTunes 	Directory 	iTunes 	0 	9/3/2013 3:16:58 AM +01:00 	9/29/2013 8:02:36 PM +01:00 	9/29/2013 8:02:36 PM +01:00 	9/29/2013 8:03:12 PM +01:00 	172133 	3	1	9/29/2013 8:03:12 PM +01:00	9/29/2013 8:03:12 PM +01:00	NTFS file system
BagMRU\1\7 	0 	115 	0 	Desktop\My Computer\Z:\dblak_000 	Directory 	dblak_000 	1 	10/1/2013 7:44:26 PM +01:00 	10/1/2013 7:44:34 PM +01:00 	10/1/2013 7:44:34 PM +01:00 	10/1/2013 7:45:53 PM +01:00 	53281 	100	1		10/1/2013 7:45:53 PM +01:00	NTFS file system
BagMRU\1\7\0 	0 	116 	0 	Desktop\My Computer\Z:\dblak_000\Documents 	Directory 	Documents 	0 	10/1/2013 7:44:28 PM +01:00 	10/1/2013 7:44:34 PM +01:00 	10/1/2013 7:44:34 PM +01:00 	10/1/2013 7:46:04 PM +01:00 	216954 	2	1	10/1/2013 7:46:04 PM +01:00	10/1/2013 7:46:04 PM +01:00	NTFS file system
BagMRU\1\8 	0 	138 	0 	Desktop\My Computer\Pictures\Funnies 	Directory 	Funnies 	0 	9/18/2013 7:43:48 PM +01:00 	9/20/2013 7:45:52 PM +01:00 	9/20/2013 7:45:52 PM +01:00 	10/21/2013 7:56:32 PM +01:00 	171348 	4	1	10/7/2013 12:38:00 PM +01:00	10/21/2013 7:56:32 PM +01:00	NTFS file system
BagMRU\1\8 	1 	165 	4 	Desktop\My Computer\Pictures\Camera Roll 	Directory 	Camera Roll 	0 	9/3/2013 2:45:06 AM +01:00 	9/21/2013 11:10:20 PM +01:00 	9/21/2013 11:10:20 PM +01:00 	10/21/2013 7:56:32 PM +01:00 	171515 	6	1	10/17/2013 8:25:57 PM +01:00		NTFS file system
BagMRU\1\8 	2 	166 	1 	Desktop\My Computer\Pictures\From Donald's Windows Phone 	Directory 	From Donald's Windows Phone 	2 	9/2/2013 9:02:26 PM +01:00 	9/2/2013 9:02:26 PM +01:00 	9/2/2013 9:02:26 PM +01:00 	10/21/2013 7:56:32 PM +01:00 	166746 	15	1			NTFS file system
BagMRU\1\8 	3 	170 	3 	Desktop\My Computer\Pictures\iCloud Photos 	Directory 	iCloud Photos 	0 	10/17/2013 8:05:50 PM +01:00 	10/17/2013 8:05:50 PM +01:00 	10/17/2013 8:05:50 PM +01:00 	10/21/2013 7:56:32 PM +01:00 	42711 	7	1	10/17/2013 8:26:23 PM +01:00		NTFS file system
BagMRU\1\8 	4 	200 	2 	Desktop\My Computer\Pictures\2013-10-21 	Directory 	2013-10-21 	0 	10/21/2013 6:39:10 PM +01:00 	10/21/2013 6:39:54 PM +01:00 	10/21/2013 6:39:54 PM +01:00 	10/21/2013 7:56:32 PM +01:00 	47092 	3	1	10/21/2013 6:40:15 PM +01:00		NTFS file system
BagMRU\1\8\2 	0 	167 	1 	Desktop\My Computer\Pictures\From Donald's Windows Phone\Saved pictures 	Directory 	Saved pictures 	0 	9/2/2013 9:02:26 PM +01:00 	10/12/2013 6:35:30 PM +01:00 	10/12/2013 6:35:30 PM +01:00 	10/17/2013 8:26:05 PM +01:00 	166803 	7	1	10/17/2013 8:26:02 PM +01:00		NTFS file system
BagMRU\1\8\2 	1 	168 	0 	Desktop\My Computer\Pictures\From Donald's Windows Phone\Camera roll 	Directory 	Camera roll 	0 	9/2/2013 9:02:26 PM +01:00 	10/12/2013 6:34:38 PM +01:00 	10/12/2013 6:34:38 PM +01:00 	10/17/2013 8:26:05 PM +01:00 	166802 	6	1	10/17/2013 8:26:05 PM +01:00	10/17/2013 8:26:05 PM +01:00	NTFS file system
BagMRU\1\9 	0 	158 	2 	Desktop\My Computer\Photo Stream\1AFCEC19-5972-4267-892F-EBCEF21A9412 	History folder 	1AFCEC19-5972-4267-892F-EBCEF21A9412 	0 	 	 	 	10/19/2013 9:00:10 PM +01:00 	 		0	10/17/2013 8:14:10 PM +01:00		
BagMRU\1\9 	1 	159 	1 	Desktop\My Computer\Photo Stream\5304F829-BD1A-4147-B3B4-466858BD7841 	History folder 	5304F829-BD1A-4147-B3B4-466858BD7841 	1 	 	 	 	10/19/2013 9:00:10 PM +01:00 	 		0			
BagMRU\1\9 	2 	189 	0 	Desktop\My Computer\Photo Stream\a6660c8b-f1f8-4b82-8c76-4e4021b90aa8 	History folder 	a6660c8b-f1f8-4b82-8c76-4e4021b90aa8 	0 	 	 	 	10/19/2013 9:00:10 PM +01:00 	 		0	10/19/2013 9:00:10 PM +01:00	10/19/2013 9:00:10 PM +01:00	
BagMRU\1\9\1 	0 	180 	0 	Desktop\My Computer\Photo Stream\5304F829-BD1A-4147-B3B4-466858BD7841\a6660c8b-f1f8-4b82-8c76-4e4021b90aa8 	History folder 	a6660c8b-f1f8-4b82-8c76-4e4021b90aa8 	0 	 	 	 	10/18/2013 2:39:53 AM +01:00 	 		0	10/18/2013 2:39:53 AM +01:00	10/18/2013 2:39:53 AM +01:00	
BagMRU\10 	0 	97 	1 	Desktop\OneDrive\Pictures 	Directory 	Pictures 	3 	8/12/2013 2:11:04 AM +01:00 	8/12/2013 2:11:04 AM +01:00 	8/12/2013 2:11:04 AM +01:00 	10/22/2013 5:39:35 PM +01:00 	127278 	3	1			NTFS file system
BagMRU\10 	1 	98 	2 	Desktop\OneDrive\Documents 	Directory 	Documents 	8 	8/12/2013 2:11:04 AM +01:00 	9/23/2013 8:49:02 PM +01:00 	9/23/2013 8:49:02 PM +01:00 	10/22/2013 5:39:35 PM +01:00 	127282 	3	1			NTFS file system
BagMRU\10 	2 	99 	0 	Desktop\OneDrive\Public 	Directory 	Public 	0 	8/12/2013 2:11:04 AM +01:00 	8/12/2013 2:11:04 AM +01:00 	8/12/2013 2:11:04 AM +01:00 	10/22/2013 5:39:35 PM +01:00 	127277 	3	1	9/23/2013 8:52:19 PM +01:00	10/22/2013 5:39:35 PM +01:00	NTFS file system
BagMRU\10\0 	0 	155 	0 	Desktop\OneDrive\Pictures\Saved pictures 	Directory 	Saved pictures 	0 	8/12/2013 2:11:04 AM +01:00 	9/2/2013 8:43:12 PM +01:00 	9/2/2013 8:43:12 PM +01:00 	10/17/2013 8:28:46 PM +01:00 	127279 	3	1	10/17/2013 8:13:54 PM +01:00	10/17/2013 8:28:46 PM +01:00	NTFS file system
BagMRU\10\0 	1 	156 	1 	Desktop\OneDrive\Pictures\Mobile uploads 	Directory 	Mobile uploads 	0 	8/12/2013 2:11:04 AM +01:00 	9/2/2013 8:43:22 PM +01:00 	9/2/2013 8:43:22 PM +01:00 	10/17/2013 8:28:46 PM +01:00 	127280 	3	1	10/17/2013 8:14:00 PM +01:00		NTFS file system
BagMRU\10\0 	2 	157 	2 	Desktop\OneDrive\Pictures\Camera Roll 	Directory 	Camera Roll 	0 	8/12/2013 2:11:04 AM +01:00 	10/12/2013 6:34:38 PM +01:00 	10/12/2013 6:34:38 PM +01:00 	10/17/2013 8:28:46 PM +01:00 	127281 	3	1	10/17/2013 8:14:01 PM +01:00		NTFS file system
BagMRU\10\1 	0 	149 	7 	Desktop\OneDrive\Documents\New folder 	Directory 	New folder 	0 	10/13/2013 11:39:02 AM +01:00 	10/13/2013 11:39:02 AM +01:00 	10/13/2013 11:39:02 AM +01:00 	10/21/2013 9:05:25 PM +01:00 	22101 	4	1	10/13/2013 11:39:01 AM +01:00		NTFS file system
BagMRU\10\1 	1 	150 	6 	Desktop\OneDrive\Documents\Old Documents 	Directory 	Old Documents 	0 	10/13/2013 11:39:02 AM +01:00 	10/13/2013 11:39:02 AM +01:00 	10/13/2013 11:39:02 AM +01:00 	10/21/2013 9:05:25 PM +01:00 	22101 	4	1	10/13/2013 11:39:04 AM +01:00		NTFS file system
BagMRU\10\1 	2 	164 	5 	Desktop\OneDrive\Documents\Skype Transfer Files 	Directory 	Skype Transfer Files 	0 	10/17/2013 8:20:44 PM +01:00 	10/17/2013 8:20:44 PM +01:00 	10/17/2013 8:20:44 PM +01:00 	10/21/2013 9:05:25 PM +01:00 	19940 	8	1	10/17/2013 8:20:52 PM +01:00		NTFS file system
BagMRU\10\1 	3 	209 	4 	Desktop\OneDrive\Documents\Key Files 	Directory 	Key Files 	0 	10/21/2013 7:50:44 PM +01:00 	10/21/2013 7:50:44 PM +01:00 	10/21/2013 7:50:44 PM +01:00 	10/21/2013 9:05:25 PM +01:00 	45234 	9	1	10/21/2013 7:50:46 PM +01:00		NTFS file system
BagMRU\10\1 	4 	230 	2 	Desktop\OneDrive\Documents\Templates 	Directory 	Templates 	0 	10/21/2013 8:55:24 PM +01:00 	10/21/2013 8:55:26 PM +01:00 	10/21/2013 8:55:26 PM +01:00 	10/21/2013 9:05:25 PM +01:00 	21705 	37	1	10/21/2013 8:55:28 PM +01:00		NTFS file system
BagMRU\10\1 	5 	231 	1 	Desktop\OneDrive\Documents\Workshop 	Directory 	Workshop 	0 	10/21/2013 8:55:28 PM +01:00 	10/21/2013 8:55:32 PM +01:00 	10/21/2013 8:55:32 PM +01:00 	10/21/2013 9:05:25 PM +01:00 	24687 	2181	1	10/21/2013 8:55:43 PM +01:00		NTFS file system
BagMRU\10\1 	6 	232 	3 	Desktop\OneDrive\Documents\Lean startup 	Directory 	Lean startup 	0 	10/21/2013 8:55:48 PM +01:00 	10/21/2013 8:56:02 PM +01:00 	10/21/2013 8:56:02 PM +01:00 	10/21/2013 9:05:25 PM +01:00 	47196 	3	1	10/21/2013 8:56:09 PM +01:00		NTFS file system
BagMRU\10\1 	7 	233 	0 	Desktop\OneDrive\Documents\Articles 	Directory 	Articles 	0 	10/21/2013 8:55:40 PM +01:00 	10/21/2013 8:55:48 PM +01:00 	10/21/2013 8:55:48 PM +01:00 	10/21/2013 9:05:25 PM +01:00 	47078 	7	1	10/21/2013 8:56:38 PM +01:00	10/21/2013 9:05:25 PM +01:00	NTFS file system
BagMRU\13 	0 	259 	1 	Desktop\Recycle bin\$RFCAT94.old 	Directory 	$RFCAT94.old 	0 	10/19/2013 9:00:56 PM +01:00 	10/19/2013 9:00:56 PM +01:00 	10/19/2013 9:00:56 PM +01:00 	10/22/2013 5:59:33 PM +01:00 	19936 	9	2	10/22/2013 5:58:01 PM +01:00		NTFS file system
BagMRU\13 	1 	260 	4 	Desktop\Recycle bin\$RS2E26R 	Directory 	$RS2E26R 	0 	10/21/2013 8:55:28 PM +01:00 	10/21/2013 8:55:46 PM +01:00 	10/21/2013 8:55:46 PM +01:00 	10/22/2013 5:59:33 PM +01:00 	24687 	2181	2	10/22/2013 5:58:09 PM +01:00		NTFS file system
BagMRU\13 	2 	261 	3 	Desktop\Recycle bin\$REMAANA 	Directory 	$REMAANA 	0 	10/21/2013 8:55:40 PM +01:00 	10/21/2013 8:55:48 PM +01:00 	10/21/2013 8:55:48 PM +01:00 	10/22/2013 5:59:33 PM +01:00 	47078 	7	2	10/22/2013 5:58:27 PM +01:00		NTFS file system
BagMRU\13 	3 	262 	2 	Desktop\Recycle bin\$RR981U0 	Directory 	$RR981U0 	0 	8/8/2013 8:17:00 PM +01:00 	8/1/2013 8:21:14 PM +01:00 	8/1/2013 8:21:14 PM +01:00 	10/22/2013 5:59:33 PM +01:00 	48220 	4	2	10/22/2013 5:58:30 PM +01:00		NTFS file system
BagMRU\13 	4 	263 	0 	Desktop\Recycle bin\$RR8X579 	Directory 	$RR8X579 	0 	10/21/2013 8:55:24 PM +01:00 	10/21/2013 8:55:28 PM +01:00 	10/21/2013 8:55:28 PM +01:00 	10/22/2013 5:59:33 PM +01:00 	21705 	37	2	10/22/2013 5:59:33 PM +01:00	10/22/2013 5:59:33 PM +01:00	NTFS file system
BagMRU\2 	0 	44 	2 	Desktop\User Libraries\Documents 	Variable 	Documents 	0 	 	 	 	10/13/2013 11:39:23 AM +01:00 	 		3	9/23/2013 8:22:18 PM +01:00		
BagMRU\2 	1 	45 	6 	Desktop\User Libraries\Videos 	Variable 	Videos 	0 	 	 	 	10/13/2013 11:39:23 AM +01:00 	 		3	9/23/2013 8:22:18 PM +01:00		
BagMRU\2 	2 	0 	1 	Desktop\User Libraries\Documents 	Variable 	Documents 	7 	 	 	 	10/13/2013 11:39:23 AM +01:00 	 		2			
BagMRU\2 	3 	50 	3 	Desktop\User Libraries\Pictures 	Variable 	Pictures 	2 	 	 	 	10/13/2013 11:39:23 AM +01:00 	 		3			
BagMRU\2 	4 	62 	5 	Desktop\User Libraries\Music 	Variable 	Music 	0 	 	 	 	10/13/2013 11:39:23 AM +01:00 	 		3	9/23/2013 8:22:18 PM +01:00		
BagMRU\2 	5 	0 	7 	Desktop\User Libraries\Music 	Variable 	Music 	2 	 	 	 	10/13/2013 11:39:23 AM +01:00 	 		2			
BagMRU\2 	6 	72 	0 	Desktop\User Libraries\VC Files.library-ms 	Users Files Folder 	VC Files.library-ms 	1 	9/3/2013 2:45:48 AM +01:00 	9/3/2013 3:13:36 AM +01:00 	9/3/2013 3:13:36 AM +01:00 	10/13/2013 11:39:23 AM +01:00 	177617 	3	4		10/13/2013 11:39:23 AM +01:00	NTFS file system
BagMRU\2 	7 	0 	4 	Desktop\User Libraries\Pictures 	Variable 	Pictures 	3 	 	 	 	10/13/2013 11:39:23 AM +01:00 	 		2			
BagMRU\2\2 	0 	46 	6 	Desktop\User Libraries\Documents\Outlook Files 	Variable: Users property view 	Outlook Files 	0 	8/12/2013 3:34:18 AM +01:00 	 	8/12/2013 3:43:44 AM +01:00 	9/23/2013 8:22:18 PM +01:00 	54683 	69	2	9/23/2013 8:22:18 PM +01:00		NTFS file system
BagMRU\2\2 	1 	47 	5 	Desktop\User Libraries\Documents\OneNote Notebooks 	Variable: Users property view 	OneNote Notebooks 	0 	8/12/2013 4:38:14 AM +01:00 	 	8/12/2013 4:38:14 AM +01:00 	9/23/2013 8:22:18 PM +01:00 	90428 	6	2	9/23/2013 8:22:18 PM +01:00		NTFS file system
BagMRU\2\2 	2 	48 	3 	Desktop\User Libraries\Documents\VC Files 	Variable: Users property view 	VC Files 	0 	7/26/2012 6:38:00 AM +01:00 	 	8/10/2013 4:03:24 AM +01:00 	9/23/2013 8:22:18 PM +01:00 	3915 	1	5	9/23/2013 8:22:18 PM +01:00		NTFS file system
BagMRU\2\2 	3 	54 	2 	Desktop\User Libraries\Documents\NETFLIX SEC Filings 	Variable: Users property view 	NETFLIX SEC Filings 	0 	7/26/2012 6:38:00 AM +01:00 	 	8/10/2013 4:03:24 AM +01:00 	9/23/2013 8:22:18 PM +01:00 	3915 	1	5	9/23/2013 8:22:18 PM +01:00		NTFS file system
BagMRU\2\2 	4 	0 	4 	Desktop\User Libraries\Documents\My Documents 	Variable: Users property view 	My Documents 	1 	 	 	 	9/23/2013 8:22:18 PM +01:00 	 		0			
BagMRU\2\2 	5 	93 	1 	Desktop\User Libraries\Documents\Shared Documents 	Variable: Users property view 	Shared Documents 	0 	9/23/2013 7:19:00 PM +01:00 	 	9/23/2013 7:19:00 PM +01:00 	9/23/2013 8:22:18 PM +01:00 	194395 	7	2	9/23/2013 8:22:18 PM +01:00		NTFS file system
BagMRU\2\2 	6 	0 	0 	Desktop\User Libraries\Documents\Shared Documents 	Variable: Users property view 	Shared Documents 	1 	9/23/2013 7:19:00 PM +01:00 	 	9/23/2013 7:19:00 PM +01:00 	9/23/2013 8:22:18 PM +01:00 	194395 	7	2		9/23/2013 8:22:18 PM +01:00	NTFS file system
BagMRU\2\2\4 	0 	57 	0 	Desktop\User Libraries\Documents\My Documents\NETFLIX SEC Filings 	Variable: Users property view 	NETFLIX SEC Filings 	0 	 	 	 	9/23/2013 8:22:18 PM +01:00 	0 		5	9/23/2013 8:22:18 PM +01:00	9/23/2013 8:22:18 PM +01:00	
BagMRU\2\2\6 	0 	94 	0 	Desktop\User Libraries\Documents\Shared Documents\Confidential Analysis Data 	Variable: Users property view 	Confidential Analysis Data 	0 	9/23/2013 7:19:00 PM +01:00 	 	9/23/2013 7:19:00 PM +01:00 	9/23/2013 8:22:18 PM +01:00 	194395 	7	3	9/23/2013 8:22:18 PM +01:00	9/23/2013 8:22:18 PM +01:00	NTFS file system
BagMRU\2\3 	0 	51 	0 	Desktop\User Libraries\Pictures\My Pictures 	Variable: Users property view 	My Pictures 	0 	 	 	 	9/23/2013 8:22:18 PM +01:00 	 		1	9/23/2013 8:22:18 PM +01:00	9/23/2013 8:22:18 PM +01:00	
BagMRU\2\3 	1 	52 	1 	Desktop\User Libraries\Pictures\Public Pictures 	Variable: Users property view 	Public Pictures 	0 	7/26/2012 6:38:00 AM +01:00 	 	8/10/2013 4:03:24 AM +01:00 	9/23/2013 8:22:18 PM +01:00 	3915 	1	4	9/23/2013 8:22:18 PM +01:00		NTFS file system
BagMRU\2\5 	0 	63 	1 	Desktop\User Libraries\Music\Xbox Music 	Variable: Users property view 	Xbox Music 	0 	9/3/2013 2:48:54 AM +01:00 	 	9/3/2013 2:48:54 AM +01:00 	9/23/2013 8:22:18 PM +01:00 	127128 	17	2	9/23/2013 8:22:18 PM +01:00		NTFS file system
BagMRU\2\5 	1 	0 	0 	Desktop\User Libraries\Music\Xbox Music 	Variable: Users property view 	Xbox Music 	2 	9/3/2013 2:48:54 AM +01:00 	 	9/3/2013 2:48:54 AM +01:00 	9/23/2013 8:22:18 PM +01:00 	127128 	17	2		9/23/2013 8:22:18 PM +01:00	NTFS file system
BagMRU\2\5\1 	0 	64 	1 	Desktop\User Libraries\Music\Xbox Music\Purchases 	Variable: Users property view 	Purchases 	0 	9/3/2013 2:48:54 AM +01:00 	 	9/3/2013 2:48:54 AM +01:00 	9/23/2013 8:22:18 PM +01:00 	127128 	17	3	9/23/2013 8:22:18 PM +01:00		NTFS file system
BagMRU\2\5\1 	1 	0 	0 	Desktop\User Libraries\Music\Xbox Music\Purchases 	Variable: Users property view 	Purchases 	2 	9/3/2013 2:48:54 AM +01:00 	 	9/3/2013 2:48:54 AM +01:00 	9/23/2013 8:22:18 PM +01:00 	127128 	17	3		9/23/2013 8:22:18 PM +01:00	NTFS file system
BagMRU\2\5\1\1 	0 	65 	1 	Desktop\User Libraries\Music\Xbox Music\Purchases\Robin Thicke 	Variable: Users property view 	Robin Thicke 	0 	9/3/2013 2:48:54 AM +01:00 	 	9/3/2013 2:48:54 AM +01:00 	9/23/2013 8:22:18 PM +01:00 	127128 	17	4	9/23/2013 8:22:18 PM +01:00		NTFS file system
BagMRU\2\5\1\1 	1 	0 	0 	Desktop\User Libraries\Music\Xbox Music\Purchases\Robin Thicke 	Variable: Users property view 	Robin Thicke 	1 	9/3/2013 2:48:54 AM +01:00 	 	9/3/2013 2:48:54 AM +01:00 	9/23/2013 8:22:18 PM +01:00 	127128 	17	4		9/23/2013 8:22:18 PM +01:00	NTFS file system
BagMRU\2\5\1\1\1 	0 	66 	0 	Desktop\User Libraries\Music\Xbox Music\Purchases\Robin Thicke\Blurred Lines 	Variable: Users property view 	Blurred Lines 	0 	9/3/2013 2:48:54 AM +01:00 	 	9/3/2013 2:48:54 AM +01:00 	9/23/2013 8:22:18 PM +01:00 	127128 	17	5	9/23/2013 8:22:18 PM +01:00	9/23/2013 8:22:18 PM +01:00	NTFS file system
BagMRU\2\6 	0 	151 	0 	Desktop\User Libraries\VC Files.library-ms\SkyDrive 	Variable: Users property view 	SkyDrive 	0 	9/3/2013 2:45:48 AM +01:00 	 	10/13/2013 11:39:24 AM +01:00 	10/13/2013 11:39:24 AM +01:00 	22125 	5	6	10/13/2013 11:39:24 AM +01:00	10/13/2013 11:39:24 AM +01:00	NTFS file system
BagMRU\2\7 	0 	74 	2 	Desktop\User Libraries\Pictures\Funnies 	Variable: Users property view 	Funnies 	0 	7/26/2012 6:38:00 AM +01:00 	 	8/10/2013 4:03:24 AM +01:00 	9/23/2013 8:22:18 PM +01:00 	3915 	1	5	9/23/2013 8:22:18 PM +01:00		NTFS file system
BagMRU\2\7 	1 	0 	1 	Desktop\User Libraries\Pictures\My Pictures 	Variable: Users property view 	My Pictures 	1 	 	 	 	9/23/2013 8:22:18 PM +01:00 	 		0			
BagMRU\2\7 	2 	84 	0 	Desktop\User Libraries\Pictures\Camera Roll 	Variable: Users property view 	Camera Roll 	0 	9/3/2013 2:45:06 AM +01:00 	 	9/3/2013 2:45:24 AM +01:00 	9/23/2013 8:22:18 PM +01:00 	171515 	6	2	9/23/2013 8:22:18 PM +01:00	9/23/2013 8:22:18 PM +01:00	NTFS file system
BagMRU\2\7\1 	0 	79 	0 	Desktop\User Libraries\Pictures\My Pictures\Funnies 	Variable: Users property view 	Funnies 	0 	 	 	 	9/23/2013 8:22:18 PM +01:00 	0 		5	9/23/2013 8:22:18 PM +01:00	9/23/2013 8:22:18 PM +01:00	
BagMRU\3 	0 	21 	3 	Desktop\Computers and Devices\BIFROST 	Variable: Users property view 	BIFROST 	0 	 	 	 	10/21/2013 9:10:50 PM +01:00 	 		0	9/23/2013 8:22:18 PM +01:00		
BagMRU\3 	1 	112 	1 	Desktop\Computers and Devices\valhalla 	Variable: Users property view 	valhalla 	3 	 	 	 	10/21/2013 9:10:50 PM +01:00 	 		0			
BagMRU\3 	2 	127 	2 	Desktop\Computers and Devices\JOTUMHEIM 	Variable: Users property view 	JOTUMHEIM 	1 	 	 	 	10/21/2013 9:10:50 PM +01:00 	 		0			
BagMRU\3 	3 	242 	0 	Desktop\Computers and Devices\192.168.1.48 	Variable: Users property view 	192.168.1.48 	3 	 	 	 	10/21/2013 9:10:50 PM +01:00 	 		0		10/21/2013 9:10:50 PM +01:00	
BagMRU\3\1 	0 	111 	2 	Desktop\Computers and Devices\valhalla\valhalla\Users 	Network location 	\\valhalla\Users 	2 	 	 	 	10/21/2013 9:10:37 PM +01:00 	 		0			
BagMRU\3\1 	1 	160 	1 	Desktop\Computers and Devices\valhalla\valhalla\public 	Network location 	\\valhalla\public 	0 	 	 	 	10/21/2013 9:10:37 PM +01:00 	 		0	10/17/2013 8:17:18 PM +01:00		
BagMRU\3\1 	2 	220 	0 	Desktop\Computers and Devices\valhalla\VALHALLA\Documents 	Network location 	\\VALHALLA\Documents 	0 	 	 	 	10/21/2013 9:10:37 PM +01:00 	 		0	10/21/2013 8:52:21 PM +01:00	10/21/2013 9:10:37 PM +01:00	
BagMRU\3\1\0 	0 	113 	1 	Desktop\Computers and Devices\valhalla\valhalla\Users\dblak_000 	Directory 	dblak_000 	1 	10/1/2013 7:44:26 PM +01:00 	10/1/2013 7:44:34 PM +01:00 	10/1/2013 7:44:34 PM +01:00 	10/1/2013 7:57:00 PM +01:00 	53281 	100	1			NTFS file system
BagMRU\3\1\0 	1 	0 	0 	Desktop\Computers and Devices\valhalla\valhalla\Users\Public 	Directory 	Public 	2 	7/26/2012 6:38:00 AM +01:00 	1/24/2013 5:57:46 PM +00:00 	1/24/2013 5:57:46 PM +00:00 	10/1/2013 7:57:00 PM +01:00 	70410 	3	1		10/1/2013 7:57:00 PM +01:00	NTFS file system
BagMRU\3\1\0\0 	0 	117 	0 	Desktop\Computers and Devices\valhalla\valhalla\Users\dblak_000\History 	Directory 	History 	0 	10/1/2013 7:47:58 PM +01:00 	10/1/2013 7:47:58 PM +01:00 	10/1/2013 7:47:58 PM +01:00 	10/1/2013 7:48:00 PM +01:00 	24864 	3	1	10/1/2013 7:48:00 PM +01:00	10/1/2013 7:48:00 PM +01:00	NTFS file system
BagMRU\3\1\0\1 	0 	0 	1 	Desktop\Computers and Devices\valhalla\valhalla\Users\Public\Videos 	Directory 	Videos 	1 	7/26/2012 9:13:00 AM +01:00 	1/24/2013 5:48:58 PM +00:00 	1/24/2013 5:48:58 PM +00:00 	10/21/2013 8:52:31 PM +01:00 	70417 	3	1			NTFS file system
BagMRU\3\1\0\1 	1 	224 	0 	Desktop\Computers and Devices\valhalla\valhalla\Users\Public\Documents 	Directory 	Documents 	4 	8/22/2013 4:36:32 PM +01:00 	10/21/2013 8:47:30 PM +01:00 	10/21/2013 8:47:30 PM +01:00 	10/21/2013 8:52:31 PM +01:00 	290029 	3	1		10/21/2013 8:52:31 PM +01:00	NTFS file system
BagMRU\3\1\0\1\0 	0 	119 	0 	Desktop\Computers and Devices\valhalla\valhalla\Users\Public\Videos\Sample Videos 	Directory 	Sample Videos 	0 	7/14/2009 6:32:40 AM +01:00 	7/14/2009 5:54:26 AM +01:00 	7/14/2009 6:32:40 AM +01:00 	10/1/2013 7:57:00 PM +01:00 	21700 	5	1	10/1/2013 7:57:00 PM +01:00	10/1/2013 7:57:00 PM +01:00	NTFS file system
BagMRU\3\1\0\1\1 	0 	221 	3 	Desktop\Computers and Devices\valhalla\valhalla\Users\Public\Documents\Workshop 	Directory 	Workshop 	0 	10/21/2013 8:47:30 PM +01:00 	10/21/2013 8:47:30 PM +01:00 	10/21/2013 8:47:30 PM +01:00 	10/21/2013 8:55:37 PM +01:00 	35928 	5	1	10/21/2013 8:52:31 PM +01:00		NTFS file system
BagMRU\3\1\0\1\1 	1 	222 	2 	Desktop\Computers and Devices\valhalla\valhalla\Users\Public\Documents\Articles 	Directory 	Articles 	0 	10/21/2013 8:46:56 PM +01:00 	10/21/2013 8:46:56 PM +01:00 	10/21/2013 8:46:56 PM +01:00 	10/21/2013 8:55:37 PM +01:00 	35894 	5	1	10/21/2013 8:52:34 PM +01:00		NTFS file system
BagMRU\3\1\0\1\1 	2 	226 	1 	Desktop\Computers and Devices\valhalla\valhalla\Users\Public\Documents\Lean startup 	Directory 	Lean startup 	0 	10/21/2013 8:46:56 PM +01:00 	10/21/2013 8:47:26 PM +01:00 	10/21/2013 8:47:26 PM +01:00 	10/21/2013 8:55:37 PM +01:00 	35908 	5	1	10/21/2013 8:52:59 PM +01:00		NTFS file system
BagMRU\3\1\0\1\1 	3 	228 	0 	Desktop\Computers and Devices\valhalla\valhalla\Users\Public\Documents\Templates 	Directory 	Templates 	0 	10/21/2013 8:47:28 PM +01:00 	10/21/2013 8:47:30 PM +01:00 	10/21/2013 8:47:30 PM +01:00 	10/21/2013 8:55:37 PM +01:00 	35918 	5	1	10/21/2013 8:53:53 PM +01:00	10/21/2013 8:55:37 PM +01:00	NTFS file system
BagMRU\3\2 	0 	126 	0 	Desktop\Computers and Devices\JOTUMHEIM\JOTUMHEIM\Users 	Network location 	\\JOTUMHEIM\Users 	1 	 	 	 	10/1/2013 9:15:29 PM +01:00 	 		0		10/1/2013 9:15:29 PM +01:00	
BagMRU\3\2\0 	0 	128 	0 	Desktop\Computers and Devices\JOTUMHEIM\JOTUMHEIM\Users\jboon_000 	Directory 	jboon_000 	1 	10/1/2013 9:11:50 PM +01:00 	10/1/2013 9:12:00 PM +01:00 	10/1/2013 9:12:00 PM +01:00 	10/1/2013 9:15:31 PM +01:00 	187950 	5	1		10/1/2013 9:15:31 PM +01:00	NTFS file system
BagMRU\3\2\0\0 	0 	129 	0 	Desktop\Computers and Devices\JOTUMHEIM\JOTUMHEIM\Users\jboon_000\Documents 	Directory 	Documents 	0 	10/1/2013 9:11:50 PM +01:00 	10/1/2013 9:12:00 PM +01:00 	10/1/2013 9:12:00 PM +01:00 	10/1/2013 9:15:33 PM +01:00 	189090 	3	1	10/1/2013 9:15:33 PM +01:00	10/1/2013 9:15:33 PM +01:00	NTFS file system
BagMRU\3\3 	0 	241 	2 	Desktop\Computers and Devices\192.168.1.48\192.168.1.48\Public 	Network location 	\\192.168.1.48\Public 	0 	 	 	 	10/21/2013 9:10:56 PM +01:00 	 		0	10/21/2013 9:02:41 PM +01:00		
BagMRU\3\3 	1 	243 	1 	Desktop\Computers and Devices\192.168.1.48\192.168.1.48\Documents 	Network location 	\\192.168.1.48\Documents 	0 	 	 	 	10/21/2013 9:10:56 PM +01:00 	 		0	10/21/2013 9:02:44 PM +01:00		
BagMRU\3\3 	2 	244 	0 	Desktop\Computers and Devices\192.168.1.48\192.168.1.48\Users 	Network location 	\\192.168.1.48\Users 	1 	 	 	 	10/21/2013 9:10:56 PM +01:00 	 		0		10/21/2013 9:10:56 PM +01:00	
BagMRU\3\3\2 	0 	245 	0 	Desktop\Computers and Devices\192.168.1.48\192.168.1.48\Users\dblak_000 	Directory 	dblak_000 	1 	10/20/2013 2:36:16 AM +01:00 	10/21/2013 8:49:50 PM +01:00 	10/21/2013 8:49:50 PM +01:00 	10/21/2013 9:02:53 PM +01:00 	373903 	2	1		10/21/2013 9:02:53 PM +01:00	NTFS file system
BagMRU\3\3\2\0 	0 	246 	0 	Desktop\Computers and Devices\192.168.1.48\192.168.1.48\Users\dblak_000\Documents 	Directory 	Documents 	4 	10/20/2013 2:36:16 AM +01:00 	10/21/2013 8:49:26 PM +01:00 	10/20/2013 2:40:28 AM +01:00 	10/21/2013 9:02:55 PM +01:00 	373912 	2	1		10/21/2013 9:02:55 PM +01:00	NTFS file system
BagMRU\3\3\2\0\0 	0 	247 	3 	Desktop\Computers and Devices\192.168.1.48\192.168.1.48\Users\dblak_000\Documents\Articles 	Directory 	Articles 	0 	10/21/2013 9:04:18 PM +01:00 	10/21/2013 9:04:18 PM +01:00 	10/21/2013 9:04:18 PM +01:00 	10/21/2013 9:12:08 PM +01:00 	39854 	84	1	10/21/2013 9:04:28 PM +01:00		NTFS file system
BagMRU\3\3\2\0\0 	1 	249 	2 	Desktop\Computers and Devices\192.168.1.48\192.168.1.48\Users\dblak_000\Documents\Documents 	Directory 	Documents 	0 	10/21/2013 9:04:18 PM +01:00 	10/21/2013 9:04:18 PM +01:00 	10/21/2013 9:04:18 PM +01:00 	10/21/2013 9:12:08 PM +01:00 	39825 	17	1	10/21/2013 9:11:01 PM +01:00		NTFS file system
BagMRU\3\3\2\0\0 	2 	250 	1 	Desktop\Computers and Devices\192.168.1.48\192.168.1.48\Users\dblak_000\Documents\Lean startup 	Directory 	Lean startup 	0 	10/21/2013 9:04:18 PM +01:00 	10/21/2013 9:04:18 PM +01:00 	10/21/2013 9:04:18 PM +01:00 	10/21/2013 9:12:08 PM +01:00 	39831 	16	1	10/21/2013 9:11:11 PM +01:00		NTFS file system
BagMRU\3\3\2\0\0 	3 	251 	0 	Desktop\Computers and Devices\192.168.1.48\192.168.1.48\Users\dblak_000\Documents\Templates 	Directory 	Templates 	0 	10/21/2013 9:04:18 PM +01:00 	10/21/2013 9:04:18 PM +01:00 	10/21/2013 9:04:18 PM +01:00 	10/21/2013 9:12:08 PM +01:00 	39841 	137	1	10/21/2013 9:12:08 PM +01:00	10/21/2013 9:12:08 PM +01:00	NTFS file system
BagMRU\4 	0 	22 	2 	Desktop\Shared Documents Folder (Users Files)\SkyDrive 	Users Files Folder 	SkyDrive 	2 	 	 	 	8/8/2013 8:17:00 PM +01:00 	0 		1			
BagMRU\4 	1 	0 	6 	Desktop\Shared Documents Folder (Users Files)\AppData 	Users Files Folder 	AppData 	1 	8/10/2013 4:03:24 AM +01:00 	8/10/2013 4:03:24 AM +01:00 	8/10/2013 4:03:24 AM +01:00 	8/8/2013 8:17:00 PM +01:00 	4019 	2	1			NTFS file system
BagMRU\4 	2 	53 	5 	Desktop\Shared Documents Folder (Users Files)\Downloads 	Variable 	Downloads 	0 	 	 	 	8/8/2013 8:17:00 PM +01:00 	 		0	9/23/2013 8:22:18 PM +01:00		
BagMRU\4 	3 	67 	3 	Desktop\Shared Documents Folder (Users Files)\Documents 	Variable 	Documents 	1 	 	 	 	8/8/2013 8:17:00 PM +01:00 	 		0			
BagMRU\4 	4 	0 	4 	Desktop\Shared Documents Folder (Users Files)\Pictures 	Variable 	Pictures 	1 	 	 	 	8/8/2013 8:17:00 PM +01:00 	 		0			
BagMRU\4 	5 	142 	1 	Desktop\Shared Documents Folder (Users Files)\SharePoint 	Users Files Folder 	SharePoint 	1 	10/7/2013 12:36:18 PM +01:00 	10/7/2013 12:36:20 PM +01:00 	10/7/2013 12:36:20 PM +01:00 	8/8/2013 8:17:00 PM +01:00 	3976 	17	1			NTFS file system
BagMRU\4 	6 	211 	0 	Desktop\Shared Documents Folder (Users Files)\Dropbox 	Users Files Folder 	Dropbox 	2 	8/8/2013 8:17:00 PM +01:00 	8/8/2013 8:17:00 PM +01:00 	8/8/2013 8:17:00 PM +01:00 	8/8/2013 8:17:00 PM +01:00 	0 		1		8/8/2013 8:17:00 PM +01:00	
BagMRU\4\0 	0 	42 	0 	Desktop\Shared Documents Folder (Users Files)\SkyDrive\Documents 	Directory 	Documents 	2 	8/12/2013 2:11:04 AM +01:00 	8/12/2013 2:11:14 AM +01:00 	8/12/2013 2:11:14 AM +01:00 	9/23/2013 8:22:18 PM +01:00 	127282 	3	1		9/23/2013 8:22:18 PM +01:00	NTFS file system
BagMRU\4\0 	1 	43 	1 	Desktop\Shared Documents Folder (Users Files)\SkyDrive\Pictures 	Directory 	Pictures 	3 	8/12/2013 2:11:04 AM +01:00 	8/12/2013 2:11:04 AM +01:00 	8/12/2013 2:11:04 AM +01:00 	9/23/2013 8:22:18 PM +01:00 	127278 	3	1			NTFS file system
BagMRU\4\0\0 	0 	203 	1 	Desktop\Shared Documents Folder (Users Files)\SkyDrive\Documents\Old Documents 	Directory 	Old Documents 	0 	10/13/2013 11:39:02 AM +01:00 	10/13/2013 11:39:02 AM +01:00 	10/13/2013 11:39:02 AM +01:00 	10/21/2013 7:33:07 PM +01:00 	22101 	4	1	10/21/2013 7:32:40 PM +01:00		NTFS file system
BagMRU\4\0\0 	1 	204 	0 	Desktop\Shared Documents Folder (Users Files)\SkyDrive\Documents\Skype Transfer Files 	Directory 	Skype Transfer Files 	0 	10/17/2013 8:20:44 PM +01:00 	10/17/2013 10:06:28 PM +01:00 	10/17/2013 10:06:28 PM +01:00 	10/21/2013 7:33:07 PM +01:00 	19940 	8	1	10/21/2013 7:33:07 PM +01:00	10/21/2013 7:33:07 PM +01:00	NTFS file system
BagMRU\4\0\1 	0 	58 	1 	Desktop\Shared Documents Folder (Users Files)\SkyDrive\Pictures\Saved pictures 	Directory 	Saved pictures 	0 	8/12/2013 2:11:04 AM +01:00 	8/12/2013 2:11:10 AM +01:00 	8/12/2013 2:11:10 AM +01:00 	9/23/2013 8:22:18 PM +01:00 	127279 	3	1	9/23/2013 8:22:18 PM +01:00		NTFS file system
BagMRU\4\0\1 	1 	59 	2 	Desktop\Shared Documents Folder (Users Files)\SkyDrive\Pictures\Mobile uploads 	Directory 	Mobile uploads 	0 	8/12/2013 2:11:04 AM +01:00 	8/12/2013 2:11:14 AM +01:00 	8/12/2013 2:11:14 AM +01:00 	9/23/2013 8:22:18 PM +01:00 	127280 	3	1	9/23/2013 8:22:18 PM +01:00		NTFS file system
BagMRU\4\0\1 	2 	60 	0 	Desktop\Shared Documents Folder (Users Files)\SkyDrive\Pictures\Camera Roll 	Directory 	Camera Roll 	0 	8/12/2013 2:11:04 AM +01:00 	8/12/2013 2:11:20 AM +01:00 	8/12/2013 2:11:20 AM +01:00 	9/23/2013 8:22:18 PM +01:00 	127281 	3	1	9/23/2013 8:22:18 PM +01:00	9/23/2013 8:22:18 PM +01:00	NTFS file system
BagMRU\4\1 	0 	0 	0 	Desktop\Shared Documents Folder (Users Files)\AppData\Roaming 	Directory 	Roaming 	1 	8/10/2013 4:03:24 AM +01:00 	8/31/2013 9:34:10 PM +01:00 	8/31/2013 9:34:10 PM +01:00 	9/23/2013 8:22:18 PM +01:00 	5093 	8	1		9/23/2013 8:22:18 PM +01:00	NTFS file system
BagMRU\4\1\0 	0 	0 	0 	Desktop\Shared Documents Folder (Users Files)\AppData\Roaming\Skype 	Directory 	Skype 	1 	8/31/2013 9:34:10 PM +01:00 	8/31/2013 9:37:14 PM +01:00 	8/31/2013 9:37:14 PM +01:00 	9/23/2013 8:22:18 PM +01:00 	150039 	18	1		9/23/2013 8:22:18 PM +01:00	NTFS file system
BagMRU\4\1\0\0 	0 	49 	0 	Desktop\Shared Documents Folder (Users Files)\AppData\Roaming\Skype\Pictures 	Directory 	Pictures 	0 	8/31/2013 9:36:44 PM +01:00 	8/31/2013 9:36:44 PM +01:00 	8/31/2013 9:36:44 PM +01:00 	9/23/2013 8:22:18 PM +01:00 	150454 	12	1	9/23/2013 8:22:18 PM +01:00	9/23/2013 8:22:18 PM +01:00	NTFS file system
BagMRU\4\3 	0 	86 	0 	Desktop\Shared Documents Folder (Users Files)\Documents\VC Files 	Directory 	VC Files 	0 	8/31/2013 4:53:22 AM +01:00 	8/31/2013 4:55:44 AM +01:00 	8/31/2013 4:55:44 AM +01:00 	9/23/2013 8:22:18 PM +01:00 	125646 	6	1	9/23/2013 8:22:18 PM +01:00	9/23/2013 8:22:18 PM +01:00	NTFS file system
BagMRU\4\4 	0 	80 	0 	Desktop\Shared Documents Folder (Users Files)\Pictures\Funnies 	Directory 	Funnies 	0 	9/18/2013 7:43:48 PM +01:00 	9/20/2013 7:34:42 PM +01:00 	9/20/2013 7:34:42 PM +01:00 	9/23/2013 8:22:18 PM +01:00 	171348 	4	1	9/23/2013 8:22:18 PM +01:00	9/23/2013 8:22:18 PM +01:00	NTFS file system
BagMRU\4\5 	0 	143 	0 	Desktop\Shared Documents Folder (Users Files)\SharePoint\Donald Blake 	Directory 	Donald Blake 	1 	10/7/2013 12:36:18 PM +01:00 	10/7/2013 12:36:44 PM +01:00 	10/7/2013 12:36:44 PM +01:00 	10/13/2013 10:12:34 AM +01:00 	15980 	3	1		10/13/2013 10:12:34 AM +01:00	NTFS file system
BagMRU\4\5\0 	0 	144 	0 	Desktop\Shared Documents Folder (Users Files)\SharePoint\Donald Blake\Shared with Everyone 	Directory 	Shared with Everyone 	0 	10/7/2013 12:36:44 PM +01:00 	10/7/2013 12:36:44 PM +01:00 	10/7/2013 12:36:44 PM +01:00 	10/13/2013 10:12:35 AM +01:00 	15769 	6	1	10/13/2013 10:12:35 AM +01:00	10/13/2013 10:12:35 AM +01:00	NTFS file system
BagMRU\4\6 	0 	212 	1 	Desktop\Shared Documents Folder (Users Files)\Dropbox\OneNote Notebooks 	Directory 	OneNote Notebooks 	0 	8/8/2013 8:18:12 PM +01:00 	8/8/2013 8:18:12 PM +01:00 	8/8/2013 8:18:12 PM +01:00 	8/1/2013 8:21:14 PM +01:00 	48222 	4	1	8/8/2013 8:18:11 PM +01:00		NTFS file system
BagMRU\4\6 	1 	214 	0 	Desktop\Shared Documents Folder (Users Files)\Dropbox\Shared Documents 	Directory 	Shared Documents 	1 	8/8/2013 8:18:12 PM +01:00 	8/8/2013 8:18:12 PM +01:00 	8/8/2013 8:18:12 PM +01:00 	8/1/2013 8:21:14 PM +01:00 	48358 	4	1		8/1/2013 8:21:14 PM +01:00	NTFS file system
BagMRU\4\6\1 	0 	215 	0 	Desktop\Shared Documents Folder (Users Files)\Dropbox\Shared Documents\Confidential Analysis Data 	Directory 	Confidential Analysis Data 	0 	8/8/2013 8:18:12 PM +01:00 	8/8/2013 8:18:12 PM +01:00 	8/8/2013 8:18:12 PM +01:00 	8/1/2013 8:21:15 PM +01:00 	48359 	4	1	8/1/2013 8:21:15 PM +01:00	8/1/2013 8:21:15 PM +01:00	NTFS file system
BagMRU\7 	0 	81 	2 	Desktop\Web sites\https://asgardventurecapital-my.sharepoint.com 	Variable: HTTP URI 	https://asgardventurecapital-my.sharepoint.com 	1 	 	 	 	10/21/2013 7:27:54 PM +01:00 	 		0			
BagMRU\7 	1 	101 	0 	Desktop\Web sites\https://asgardventurecapital.sharepoint.com 	Variable: HTTP URI 	https://asgardventurecapital.sharepoint.com 	1 	 	 	 	10/21/2013 7:27:54 PM +01:00 	 		0		10/21/2013 7:27:54 PM +01:00	
BagMRU\7 	2 	0 	1 	Desktop\Web sites\https://d.docs.live.net 	Variable: HTTP URI 	https://d.docs.live.net 	1 	 	 	 	10/21/2013 7:27:54 PM +01:00 	 		0			
BagMRU\7\0 	0 	0 	0 	Desktop\Web sites\https://asgardventurecapital-my.sharepoint.com\personal 	Variable: HTTP URI 	personal 	1 	 	 	 	9/23/2013 8:22:18 PM +01:00 	 		0		9/23/2013 8:22:18 PM +01:00	
BagMRU\7\0\0 	0 	75 	0 	Desktop\Web sites\https://asgardventurecapital-my.sharepoint.com\personal\dblake_asgard-venture-capital_com 	Variable: HTTP URI 	dblake_asgard-venture-capital_com 	1 	 	 	 	9/23/2013 8:22:18 PM +01:00 	 		0		9/23/2013 8:22:18 PM +01:00	
BagMRU\7\0\0\0 	0 	76 	0 	Desktop\Web sites\https://asgardventurecapital-my.sharepoint.com\personal\dblake_asgard-venture-capital_com\Documents 	Variable: HTTP URI 	Documents 	1 	 	 	 	9/23/2013 8:22:18 PM +01:00 	 		0		9/23/2013 8:22:18 PM +01:00	
BagMRU\7\0\0\0\0 	0 	77 	0 	Desktop\Web sites\https://asgardventurecapital-my.sharepoint.com\personal\dblake_asgard-venture-capital_com\Documents\Shared with Everyone 	Variable: HTTP URI 	Shared with Everyone 	0 	 	 	 	9/23/2013 8:22:18 PM +01:00 	 		0	9/23/2013 8:22:18 PM +01:00	9/23/2013 8:22:18 PM +01:00	
BagMRU\7\1 	0 	102 	0 	Desktop\Web sites\https://asgardventurecapital.sharepoint.com\Shared Documents 	Variable: HTTP URI 	Shared Documents 	2 	 	 	 	9/23/2013 9:41:44 PM +01:00 	 		0		9/23/2013 9:41:44 PM +01:00	
BagMRU\7\1\0 	0 	103 	0 	Desktop\Web sites\https://asgardventurecapital.sharepoint.com\Shared Documents\Confidential Analysis Data 	Variable: HTTP URI 	Confidential Analysis Data 	0 	 	 	 	10/21/2013 9:19:51 PM +01:00 	 		0	9/23/2013 9:41:51 PM +01:00	10/21/2013 9:19:51 PM +01:00	
BagMRU\7\1\0 	1 	202 	1 	Desktop\Web sites\https://asgardventurecapital.sharepoint.com\Shared Documents\Business Plans 	Variable: HTTP URI 	Business Plans 	1 	 	 	 	10/21/2013 9:19:51 PM +01:00 	 		0			
BagMRU\7\1\0\1 	0 	146 	0 	Desktop\Web sites\https://asgardventurecapital.sharepoint.com\Shared Documents\Business Plans\In Review - NOT FOR RELEASE 	Variable: HTTP URI 	In Review - NOT FOR RELEASE 	0 	 	 	 	10/21/2013 7:28:04 PM +01:00 	 		0	10/13/2013 10:57:49 AM +01:00	10/21/2013 7:28:04 PM +01:00	
BagMRU\7\2 	0 	0 	0 	Desktop\Web sites\https://d.docs.live.net\7f095149027848ed 	Variable: HTTP URI 	7f095149027848ed 	1 	 	 	 	10/18/2013 2:51:10 AM +01:00 	 		0		10/18/2013 2:51:10 AM +01:00	
BagMRU\7\2\0 	0 	0 	0 	Desktop\Web sites\https://d.docs.live.net\7f095149027848ed\Documents 	Variable: HTTP URI 	Documents 	1 	 	 	 	10/18/2013 2:51:10 AM +01:00 	 		0		10/18/2013 2:51:10 AM +01:00	
BagMRU\7\2\0\0 	0 	182 	0 	Desktop\Web sites\https://d.docs.live.net\7f095149027848ed\Documents\Donald's Notebook 	Variable: HTTP URI 	Donald's Notebook 	0 	 	 	 	10/18/2013 2:51:10 AM +01:00 	 		0	10/18/2013 2:51:10 AM +01:00	10/18/2013 2:51:10 AM +01:00	
BagMRU\8 	0 	83 	1 	Desktop\My Network Places\Network Neighborhood 	GUID: Control panel 	Network Neighborhood 	0 	 	 	 	9/23/2013 8:22:18 PM +01:00 	 		0	9/23/2013 8:22:18 PM +01:00		
BagMRU\8 	1 	88 	0 	Desktop\My Network Places\asgardventurecapital.sharepoint.com@SSL\DavWWWRoot 	Network location 	\\asgardventurecapital.sharepoint.com@SSL\DavWWWRoot 	2 	 	 	 	9/23/2013 8:22:18 PM +01:00 	 		0		9/23/2013 8:22:18 PM +01:00	
BagMRU\8\1 	0 	89 	0 	Desktop\My Network Places\asgardventurecapital.sharepoint.com@SSL\DavWWWRoot\Shared Documents 	Directory 	Shared Documents 	1 	7/22/2013 6:01:22 AM +01:00 	9/21/2013 11:00:00 PM +01:00 	9/21/2013 11:00:00 PM +01:00 	9/23/2013 8:22:18 PM +01:00 	0 		1		9/23/2013 8:22:18 PM +01:00	
BagMRU\8\1 	1 	91 	1 	Desktop\My Network Places\asgardventurecapital.sharepoint.com@SSL\DavWWWRoot\m 	Directory 	m 	0 	7/22/2013 6:01:20 AM +01:00 	7/22/2013 6:01:20 AM +01:00 	7/22/2013 6:01:20 AM +01:00 	9/23/2013 8:22:18 PM +01:00 	0 		1	9/23/2013 8:22:18 PM +01:00		
BagMRU\8\1\0 	0 	92 	0 	Desktop\My Network Places\asgardventurecapital.sharepoint.com@SSL\DavWWWRoot\Shared Documents\Confidential Analysis Data 	Directory 	Confidential Analysis Data 	0 	9/21/2013 10:58:40 PM +01:00 	9/21/2013 11:00:00 PM +01:00 	9/21/2013 11:00:00 PM +01:00 	9/23/2013 8:22:18 PM +01:00 	0 		1	9/23/2013 8:22:18 PM +01:00	9/23/2013 8:22:18 PM +01:00	
BagMRU\9 	0 	0 	5 	Desktop\Other Users Folder\Rob Lee 	Variable: Users property view 	Rob Lee 	1 	 	 	 	10/21/2013 8:52:12 PM +01:00 	 		0			
BagMRU\9 	1 	0 	0 	Desktop\Other Users Folder\Donald Blake 	Variable: Users property view 	Donald Blake 	2 	 	 	 	10/21/2013 8:52:12 PM +01:00 	 		0		10/21/2013 8:52:12 PM +01:00	
BagMRU\9 	2 	124 	3 	Desktop\Other Users Folder\Jordan Boone 	Variable: Users property view 	Jordan Boone 	0 	 	 	 	10/21/2013 8:52:12 PM +01:00 	 		3	10/1/2013 8:01:14 PM +01:00		
BagMRU\9 	3 	0 	2 	Desktop\Other Users Folder\Jordan Boone 	Variable: Users property view 	Jordan Boone 	2 	 	 	 	10/21/2013 8:52:12 PM +01:00 	 		0			
BagMRU\9 	4 	181 	1 	Desktop\Other Users Folder\Rob Lee 	Variable: Users property view 	Rob Lee 	0 	 	 	 	10/21/2013 8:52:12 PM +01:00 	 		3	10/18/2013 2:40:03 AM +01:00		
BagMRU\9 	5 	218 	4 	Desktop\Other Users Folder\Donald Blake 	Variable: Users property view 	Donald Blake 	0 	 	 	 	10/21/2013 8:52:12 PM +01:00 	 		3	10/21/2013 8:49:40 PM +01:00		
BagMRU\9\0 	0 	118 	0 	Desktop\Other Users Folder\Rob Lee\VALHALLA 	Variable: Users property view 	VALHALLA 	1 	 	 	 	10/1/2013 7:56:59 PM +01:00 	 		0		10/1/2013 7:56:59 PM +01:00	
BagMRU\9\0\0 	0 	0 	0 	Desktop\Other Users Folder\Rob Lee\VALHALLA\VALHALLA 	Variable: Users property view 	VALHALLA 	1 	 	 	 	10/1/2013 7:57:00 PM +01:00 	 		0		10/1/2013 7:57:00 PM +01:00	
BagMRU\9\0\0\0 	0 	0 	0 	Desktop\Other Users Folder\Rob Lee\VALHALLA\VALHALLA\Public Videos 	Variable: Users property view 	Public Videos 	1 	1/24/2013 5:46:44 PM +00:00 	 	8/22/2013 5:11:08 PM +01:00 	10/1/2013 7:57:00 PM +01:00 	214696 	3	9		10/1/2013 7:57:00 PM +01:00	NTFS file system
BagMRU\9\0\0\0\0 	0 	120 	0 	Desktop\Other Users Folder\Rob Lee\VALHALLA\VALHALLA\Public Videos\Sample Videos 	Variable: Users property view 	Sample Videos 	0 	7/26/2012 6:38:00 AM +01:00 	 	1/24/2013 5:57:46 PM +00:00 	10/1/2013 7:57:00 PM +01:00 	70410 	3	4	10/1/2013 7:57:00 PM +01:00	10/1/2013 7:57:00 PM +01:00	NTFS file system
BagMRU\9\1 	0 	152 	1 	Desktop\Other Users Folder\Donald Blake\BIFROST 	Variable: Users property view 	BIFROST 	2 	 	 	 	10/21/2013 8:52:12 PM +01:00 	 		0			
BagMRU\9\1 	1 	0 	0 	Desktop\Other Users Folder\Donald Blake\VALHALLA 	Variable: Users property view 	VALHALLA 	1 	 	 	 	10/21/2013 8:52:12 PM +01:00 	 		0		10/21/2013 8:52:12 PM +01:00	
BagMRU\9\1\0 	0 	121 	1 	Desktop\Other Users Folder\Donald Blake\BIFROST\True::BLOB data: 53-03-14-00-1F-50-E0-4F-D0-20-EA-3A-69-10-A2-D8-08-00-2B-30-30-9D-19-00-2F-43-3A-5C-00-00-00-00-00-00-00-00-00-00-00-00-00-00-00-00-00-00-00-78-00-31-00-00-00-00-00-37-43-8E-9A-11-00-55-73-65-72-73-00-64-00-09-00-04-00-EF-BE-16-43-88-6C-37-43-8E-9A-2E-00-00-00-79-0E-03-00-00-00-03-00-00-00-00-00-00-00-00-00-3A-00-00-00-00-00-3B-D6-D2-00-55-00-73-00-65-00-72-00-73-00-00-00-40-00-73-00-68-00-65-00-6C-00-6C-00-33-00-32-00-2E-00-64-00-6C-00-6C-00-2C-00-2D-00-32-00-31-00-38-00-31-00-33-00-00-00-14-00-54-00-31-00-00-00-00-00-37-43-E9-9D-10-00-44-6F-6E-61-6C-64-00-00-3E-00-09-00-04-00-EF-BE-37-43-30-9A-37-43-E9-9D-2E-00-00-00-7B-8B-03-00-00-00-03-00-00-00-00-00-00-00-00-00-00-00-00-00-00-00-B6-1E-06-01-44-00-6F-00-6E-00-61-00-6C-00-64-00-00-00-16-00-56-00-31-00-00-00-00-00-37-43-40-9A-12-00-41-70-70-44-61-74-61-00-40-00-09-00-04-00-EF-BE-37-43-30-9A-37-43-40-9A-2E-00-00-00-9E-8B-03-00-00-00-03-00-00-00-00-00-00-00-00-00-00-00-00-00-00-00-9B-32-1B-00-41-00-70-00-70-00-44-00-61-00-74-00-61-00-00-00-16-00-56-00-31-00-00-00-00-00-37-43-EB-9D-10-00-52-6F-61-6D-69-6E-67-00-40-00-09-00-04-00-EF-BE-37-43-30-9A-37-43-EB-9D-2E-00-00-00-A1-8B-03-00-00-00-03-00-00-00-00-00-00-00-00-00-00-00-00-00-00-00-C1-A6-4D-00-52-00-6F-00-61-00-6D-00-69-00-6E-00-67-00-00-00-16-00-5C-00-31-00-00-00-00-00-37-43-3A-A5-14-00-4D-49-43-52-4F-53-7E-31-00-00-44-00-09-00-04-00-EF-BE-37-43-30-9A-37-43-3A-A5-2E-00-00-00-A4-8B-03-00-00-00-03-00-00-00-00-00-00-00-00-00-00-00-00-00-00-00-E5-76-01-01-4D-00-69-00-63-00-72-00-6F-00-73-00-6F-00-66-00-74-00-00-00-18-00-56-00-31-00-00-00-00-00-37-43-CA-9A-10-00-57-69-6E-64-6F-77-73-00-40-00-09-00-04-00-EF-BE-37-43-30-9A-37-43-CA-9A-2E-00-00-00-A5-8B-03-00-00-00-03-00-00-00-00-00-00-00-00-00-00-00-00-00-00-00-54-82-22-00-57-00-69-00-6E-00-64-00-6F-00-77-00-73-00-00-00-16-00-5C-00-31-00-00-00-00-00-41-43-78-96-11-00-4C-49-42-52-41-52-7E-31-00-00-44-00-09-00-04-00-EF-BE-0A-43-89-18-41-43-78-96-2E-00-00-00-66-40-03-00-00-00-04-00-00-00-00-00-00-00-00-00-00-00-00-00-00-00-0D-E8-A6-00-4C-00-69-00-62-00-72-00-61-00-72-00-69-00-65-00-73-00-00-00-18-00-9E-00-32-00-E2-22-00-00-41-43-77-96-20-00-44-4F-43-55-4D-45-7E-31-2E-4C-49-42-00-00-82-00-09-00-04-00-EF-BE-0A-43-89-18-41-43-76-96-2E-00-00-00-26-1D-00-00-00-00-02-00-00-00-00-00-00-00-00-00-58-00-00-00-00-00-FB-6C-1B-01-44-00-6F-00-63-00-75-00-6D-00-65-00-6E-00-74-00-73-00-2E-00-6C-00-69-00-62-00-72-00-61-00-72-00-79-00-2D-00-6D-00-73-00-00-00-40-00-73-00-68-00-65-00-6C-00-6C-00-33-00-32-00-2E-00-64-00-6C-00-6C-00-2C-00-2D-00-33-00-34-00-35-00-37-00-35-00-00-00-1C-00-00-00-00-00-00-00-00-00-00 	Variable: Users property view 	True::BLOB data: 53-03-14-00-1F-50-E0-4F-D0-20-EA-3A-69-10-A2-D8-08-00-2B-30-30-9D-19-00-2F-43-3A-5C-00-00-00-00-00-00-00-00-00-00-00-00-00-00-00-00-00-00-00-78-00-31-00-00-00-00-00-37-43-8E-9A-11-00-55-73-65-72-73-00-64-00-09-00-04-00-EF-BE-16-43-88-6C-37-43-8E-9A-2E-00-00-00-79-0E-03-00-00-00-03-00-00-00-00-00-00-00-00-00-3A-00-00-00-00-00-3B-D6-D2-00-55-00-73-00-65-00-72-00-73-00-00-00-40-00-73-00-68-00-65-00-6C-00-6C-00-33-00-32-00-2E-00-64-00-6C-00-6C-00-2C-00-2D-00-32-00-31-00-38-00-31-00-33-00-00-00-14-00-54-00-31-00-00-00-00-00-37-43-E9-9D-10-00-44-6F-6E-61-6C-64-00-00-3E-00-09-00-04-00-EF-BE-37-43-30-9A-37-43-E9-9D-2E-00-00-00-7B-8B-03-00-00-00-03-00-00-00-00-00-00-00-00-00-00-00-00-00-00-00-B6-1E-06-01-44-00-6F-00-6E-00-61-00-6C-00-64-00-00-00-16-00-56-00-31-00-00-00-00-00-37-43-40-9A-12-00-41-70-70-44-61-74-61-00-40-00-09-00-04-00-EF-BE-37-43-30-9A-37-43-40-9A-2E-00-00-00-9E-8B-03-00-00-00-03-00-00-00-00-00-00-00-00-00-00-00-00-00-00-00-9B-32-1B-00-41-00-70-00-70-00-44-00-61-00-74-00-61-00-00-00-16-00-56-00-31-00-00-00-00-00-37-43-EB-9D-10-00-52-6F-61-6D-69-6E-67-00-40-00-09-00-04-00-EF-BE-37-43-30-9A-37-43-EB-9D-2E-00-00-00-A1-8B-03-00-00-00-03-00-00-00-00-00-00-00-00-00-00-00-00-00-00-00-C1-A6-4D-00-52-00-6F-00-61-00-6D-00-69-00-6E-00-67-00-00-00-16-00-5C-00-31-00-00-00-00-00-37-43-3A-A5-14-00-4D-49-43-52-4F-53-7E-31-00-00-44-00-09-00-04-00-EF-BE-37-43-30-9A-37-43-3A-A5-2E-00-00-00-A4-8B-03-00-00-00-03-00-00-00-00-00-00-00-00-00-00-00-00-00-00-00-E5-76-01-01-4D-00-69-00-63-00-72-00-6F-00-73-00-6F-00-66-00-74-00-00-00-18-00-56-00-31-00-00-00-00-00-37-43-CA-9A-10-00-57-69-6E-64-6F-77-73-00-40-00-09-00-04-00-EF-BE-37-43-30-9A-37-43-CA-9A-2E-00-00-00-A5-8B-03-00-00-00-03-00-00-00-00-00-00-00-00-00-00-00-00-00-00-00-54-82-22-00-57-00-69-00-6E-00-64-00-6F-00-77-00-73-00-00-00-16-00-5C-00-31-00-00-00-00-00-41-43-78-96-11-00-4C-49-42-52-41-52-7E-31-00-00-44-00-09-00-04-00-EF-BE-0A-43-89-18-41-43-78-96-2E-00-00-00-66-40-03-00-00-00-04-00-00-00-00-00-00-00-00-00-00-00-00-00-00-00-0D-E8-A6-00-4C-00-69-00-62-00-72-00-61-00-72-00-69-00-65-00-73-00-00-00-18-00-9E-00-32-00-E2-22-00-00-41-43-77-96-20-00-44-4F-43-55-4D-45-7E-31-2E-4C-49-42-00-00-82-00-09-00-04-00-EF-BE-0A-43-89-18-41-43-76-96-2E-00-00-00-26-1D-00-00-00-00-02-00-00-00-00-00-00-00-00-00-58-00-00-00-00-00-FB-6C-1B-01-44-00-6F-00-63-00-75-00-6D-00-65-00-6E-00-74-00-73-00-2E-00-6C-00-69-00-62-00-72-00-61-00-72-00-79-00-2D-00-6D-00-73-00-00-00-40-00-73-00-68-00-65-00-6C-00-6C-00-33-00-32-00-2E-00-64-00-6C-00-6C-00-2C-00-2D-00-33-00-34-00-35-00-37-00-35-00-00-00-1C-00-00-00-00-00-00-00-00-00-00 	0 	 	 	 	10/17/2013 5:53:50 PM +01:00 	 		3	10/1/2013 7:57:04 PM +01:00		
BagMRU\9\1\0 	1 	122 	0 	Desktop\Other Users Folder\Donald Blake\BIFROST\True::BLOB data: 49-03-14-00-1F-50-E0-4F-D0-20-EA-3A-69-10-A2-D8-08-00-2B-30-30-9D-19-00-2F-43-3A-5C-00-00-00-00-00-00-00-00-00-00-00-00-00-00-00-00-00-00-00-78-00-31-00-00-00-00-00-37-43-8E-9A-11-00-55-73-65-72-73-00-64-00-09-00-04-00-EF-BE-16-43-88-6C-37-43-8E-9A-2E-00-00-00-79-0E-03-00-00-00-03-00-00-00-00-00-00-00-00-00-3A-00-00-00-00-00-3B-D6-D2-00-55-00-73-00-65-00-72-00-73-00-00-00-40-00-73-00-68-00-65-00-6C-00-6C-00-33-00-32-00-2E-00-64-00-6C-00-6C-00-2C-00-2D-00-32-00-31-00-38-00-31-00-33-00-00-00-14-00-54-00-31-00-00-00-00-00-37-43-E9-9D-10-00-44-6F-6E-61-6C-64-00-00-3E-00-09-00-04-00-EF-BE-37-43-30-9A-37-43-E9-9D-2E-00-00-00-7B-8B-03-00-00-00-03-00-00-00-00-00-00-00-00-00-00-00-00-00-00-00-B6-1E-06-01-44-00-6F-00-6E-00-61-00-6C-00-64-00-00-00-16-00-56-00-31-00-00-00-00-00-37-43-40-9A-12-00-41-70-70-44-61-74-61-00-40-00-09-00-04-00-EF-BE-37-43-30-9A-37-43-40-9A-2E-00-00-00-9E-8B-03-00-00-00-03-00-00-00-00-00-00-00-00-00-00-00-00-00-00-00-9B-32-1B-00-41-00-70-00-70-00-44-00-61-00-74-00-61-00-00-00-16-00-56-00-31-00-00-00-00-00-37-43-EB-9D-10-00-52-6F-61-6D-69-6E-67-00-40-00-09-00-04-00-EF-BE-37-43-30-9A-37-43-EB-9D-2E-00-00-00-A1-8B-03-00-00-00-03-00-00-00-00-00-00-00-00-00-00-00-00-00-00-00-C1-A6-4D-00-52-00-6F-00-61-00-6D-00-69-00-6E-00-67-00-00-00-16-00-5C-00-31-00-00-00-00-00-37-43-3A-A5-14-00-4D-49-43-52-4F-53-7E-31-00-00-44-00-09-00-04-00-EF-BE-37-43-30-9A-37-43-3A-A5-2E-00-00-00-A4-8B-03-00-00-00-03-00-00-00-00-00-00-00-00-00-00-00-00-00-00-00-E5-76-01-01-4D-00-69-00-63-00-72-00-6F-00-73-00-6F-00-66-00-74-00-00-00-18-00-56-00-31-00-00-00-00-00-37-43-CA-9A-10-00-57-69-6E-64-6F-77-73-00-40-00-09-00-04-00-EF-BE-37-43-30-9A-37-43-CA-9A-2E-00-00-00-A5-8B-03-00-00-00-03-00-00-00-00-00-00-00-00-00-00-00-00-00-00-00-54-82-22-00-57-00-69-00-6E-00-64-00-6F-00-77-00-73-00-00-00-16-00-5C-00-31-00-00-00-00-00-41-43-78-96-11-00-4C-49-42-52-41-52-7E-31-00-00-44-00-09-00-04-00-EF-BE-0A-43-89-18-41-43-78-96-2E-00-00-00-66-40-03-00-00-00-04-00-00-00-00-00-00-00-00-00-00-00-00-00-00-00-0D-E8-A6-00-4C-00-69-00-62-00-72-00-61-00-72-00-69-00-65-00-73-00-00-00-18-00-94-00-32-00-DE-1A-00-00-41-43-78-96-20-00-4D-55-53-49-43-7E-31-2E-4C-49-42-00-7A-00-09-00-04-00-EF-BE-0A-43-89-18-41-43-77-96-2E-00-00-00-16-1D-00-00-00-00-04-00-00-00-00-00-00-00-00-00-50-00-00-00-00-00-8F-49-30-01-4D-00-75-00-73-00-69-00-63-00-2E-00-6C-00-69-00-62-00-72-00-61-00-72-00-79-00-2D-00-6D-00-73-00-00-00-40-00-73-00-68-00-65-00-6C-00-6C-00-33-00-32-00-2E-00-64-00-6C-00-6C-00-2C-00-2D-00-33-00-34-00-35-00-38-00-34-00-00-00-1A-00-00-00-00-00-00-00-00 	Variable: Users property view 	True::BLOB data: 49-03-14-00-1F-50-E0-4F-D0-20-EA-3A-69-10-A2-D8-08-00-2B-30-30-9D-19-00-2F-43-3A-5C-00-00-00-00-00-00-00-00-00-00-00-00-00-00-00-00-00-00-00-78-00-31-00-00-00-00-00-37-43-8E-9A-11-00-55-73-65-72-73-00-64-00-09-00-04-00-EF-BE-16-43-88-6C-37-43-8E-9A-2E-00-00-00-79-0E-03-00-00-00-03-00-00-00-00-00-00-00-00-00-3A-00-00-00-00-00-3B-D6-D2-00-55-00-73-00-65-00-72-00-73-00-00-00-40-00-73-00-68-00-65-00-6C-00-6C-00-33-00-32-00-2E-00-64-00-6C-00-6C-00-2C-00-2D-00-32-00-31-00-38-00-31-00-33-00-00-00-14-00-54-00-31-00-00-00-00-00-37-43-E9-9D-10-00-44-6F-6E-61-6C-64-00-00-3E-00-09-00-04-00-EF-BE-37-43-30-9A-37-43-E9-9D-2E-00-00-00-7B-8B-03-00-00-00-03-00-00-00-00-00-00-00-00-00-00-00-00-00-00-00-B6-1E-06-01-44-00-6F-00-6E-00-61-00-6C-00-64-00-00-00-16-00-56-00-31-00-00-00-00-00-37-43-40-9A-12-00-41-70-70-44-61-74-61-00-40-00-09-00-04-00-EF-BE-37-43-30-9A-37-43-40-9A-2E-00-00-00-9E-8B-03-00-00-00-03-00-00-00-00-00-00-00-00-00-00-00-00-00-00-00-9B-32-1B-00-41-00-70-00-70-00-44-00-61-00-74-00-61-00-00-00-16-00-56-00-31-00-00-00-00-00-37-43-EB-9D-10-00-52-6F-61-6D-69-6E-67-00-40-00-09-00-04-00-EF-BE-37-43-30-9A-37-43-EB-9D-2E-00-00-00-A1-8B-03-00-00-00-03-00-00-00-00-00-00-00-00-00-00-00-00-00-00-00-C1-A6-4D-00-52-00-6F-00-61-00-6D-00-69-00-6E-00-67-00-00-00-16-00-5C-00-31-00-00-00-00-00-37-43-3A-A5-14-00-4D-49-43-52-4F-53-7E-31-00-00-44-00-09-00-04-00-EF-BE-37-43-30-9A-37-43-3A-A5-2E-00-00-00-A4-8B-03-00-00-00-03-00-00-00-00-00-00-00-00-00-00-00-00-00-00-00-E5-76-01-01-4D-00-69-00-63-00-72-00-6F-00-73-00-6F-00-66-00-74-00-00-00-18-00-56-00-31-00-00-00-00-00-37-43-CA-9A-10-00-57-69-6E-64-6F-77-73-00-40-00-09-00-04-00-EF-BE-37-43-30-9A-37-43-CA-9A-2E-00-00-00-A5-8B-03-00-00-00-03-00-00-00-00-00-00-00-00-00-00-00-00-00-00-00-54-82-22-00-57-00-69-00-6E-00-64-00-6F-00-77-00-73-00-00-00-16-00-5C-00-31-00-00-00-00-00-41-43-78-96-11-00-4C-49-42-52-41-52-7E-31-00-00-44-00-09-00-04-00-EF-BE-0A-43-89-18-41-43-78-96-2E-00-00-00-66-40-03-00-00-00-04-00-00-00-00-00-00-00-00-00-00-00-00-00-00-00-0D-E8-A6-00-4C-00-69-00-62-00-72-00-61-00-72-00-69-00-65-00-73-00-00-00-18-00-94-00-32-00-DE-1A-00-00-41-43-78-96-20-00-4D-55-53-49-43-7E-31-2E-4C-49-42-00-7A-00-09-00-04-00-EF-BE-0A-43-89-18-41-43-77-96-2E-00-00-00-16-1D-00-00-00-00-04-00-00-00-00-00-00-00-00-00-50-00-00-00-00-00-8F-49-30-01-4D-00-75-00-73-00-69-00-63-00-2E-00-6C-00-69-00-62-00-72-00-61-00-72-00-79-00-2D-00-6D-00-73-00-00-00-40-00-73-00-68-00-65-00-6C-00-6C-00-33-00-32-00-2E-00-64-00-6C-00-6C-00-2C-00-2D-00-33-00-34-00-35-00-38-00-34-00-00-00-1A-00-00-00-00-00-00-00-00 	0 	 	 	 	10/17/2013 5:53:50 PM +01:00 	 		3	10/1/2013 7:57:14 PM +01:00	10/17/2013 5:53:50 PM +01:00	
BagMRU\9\1\1 	0 	219 	0 	Desktop\Other Users Folder\Donald Blake\VALHALLA\VALHALLA 	Variable: Users property view 	VALHALLA 	1 	 	 	 	10/21/2013 8:52:12 PM +01:00 	 		3		10/21/2013 8:52:12 PM +01:00	
BagMRU\9\1\1\0 	0 	225 	0 	Desktop\Other Users Folder\Donald Blake\VALHALLA\VALHALLA\Public Documents 	Variable: Users property view 	Public Documents 	3 	10/20/2013 2:36:16 AM +01:00 	 	10/21/2013 8:49:50 PM +01:00 	10/21/2013 8:52:34 PM +01:00 	373903 	2	9		10/21/2013 8:52:34 PM +01:00	NTFS file system
BagMRU\9\1\1\0\0 	0 	223 	2 	Desktop\Other Users Folder\Donald Blake\VALHALLA\VALHALLA\Public Documents\Articles 	Variable: Users property view 	Articles 	0 	 	 	 	10/21/2013 8:53:53 PM +01:00 	0 		4	10/21/2013 8:52:34 PM +01:00		
BagMRU\9\1\1\0\0 	1 	227 	1 	Desktop\Other Users Folder\Donald Blake\VALHALLA\VALHALLA\Public Documents\Lean startup 	Variable: Users property view 	Lean startup 	0 	 	 	 	10/21/2013 8:53:53 PM +01:00 	0 		4	10/21/2013 8:52:59 PM +01:00		
BagMRU\9\1\1\0\0 	2 	229 	0 	Desktop\Other Users Folder\Donald Blake\VALHALLA\VALHALLA\Public Documents\Templates 	Variable: Users property view 	Templates 	0 	 	 	 	10/21/2013 8:53:53 PM +01:00 	0 		4	10/21/2013 8:53:53 PM +01:00	10/21/2013 8:53:53 PM +01:00	
BagMRU\9\3 	0 	125 	0 	Desktop\Other Users Folder\Jordan Boone\JOTUMHEIM 	Variable: Users property view 	JOTUMHEIM 	1 	 	 	 	10/21/2013 8:49:53 PM +01:00 	 		0		10/21/2013 8:49:53 PM +01:00	
BagMRU\9\3 	1 	154 	1 	Desktop\Other Users Folder\Jordan Boone\VALHALLA 	Variable: Users property view 	VALHALLA 	0 	 	 	 	10/21/2013 8:49:53 PM +01:00 	 		0	10/17/2013 7:56:03 PM +01:00		
BagMRU\9\3\0 	0 	153 	0 	Desktop\Other Users Folder\Jordan Boone\JOTUMHEIM\JOTUMHEIM 	Variable: Users property view 	JOTUMHEIM 	0 	 	 	 	10/17/2013 5:53:53 PM +01:00 	 		3	10/17/2013 5:53:53 PM +01:00	10/17/2013 5:53:53 PM +01:00	
